# Blender v3.0.0 OBJ File: ''
# www.blender.org
mtllib Carro_A1.mtl
o carroceria_Cube
v -7.635870 2.887073 -23.437014
v -8.853942 -5.020551 -24.030300
v -9.402328 -2.810812 24.623585
v -9.402328 -5.122257 24.623585
v -8.853942 -6.647847 2.115630
v -7.374310 4.293541 2.115630
v -8.853942 -6.647847 10.718147
v -8.334018 2.071077 10.718148
v -8.853942 -6.037611 23.386238
v -9.402328 -0.064749 23.386236
v -7.374310 4.293541 -9.963928
v -8.853942 -6.647847 -9.493670
v -7.620110 3.395603 -18.231974
v -8.853942 -5.630787 -18.231974
v -5.795268 -5.020551 -24.030300
v -6.154406 -2.810812 24.623585
v -6.154406 -5.122257 24.623585
v -6.154406 2.887073 -23.437014
v -5.795268 -6.647847 2.115630
v -6.154406 6.412416 2.115630
v -6.606590 -6.647847 12.118554
v -6.154406 2.071077 10.718147
v -6.287395 -6.037611 23.386238
v -6.154406 -0.064749 23.386236
v -6.154406 6.412416 -9.963928
v -5.134087 -6.647847 -9.546992
v -5.067753 -5.630787 -17.130098
v -6.154406 3.395603 -18.231974
v -9.402328 -4.382426 24.623585
v -8.944389 -3.316149 19.403214
v -9.029467 -2.489537 -24.623585
v -8.697235 -1.163673 17.250740
v -9.029467 -2.392259 2.115630
v -9.029467 -3.857158 10.718147
v -8.735116 -1.423862 14.294041
v -9.029467 -4.125861 23.386236
v -8.984245 -3.505377 12.307141
v -9.029467 -3.890235 12.277572
v -9.029467 -2.392259 -9.963928
v -9.029467 -4.043523 19.504381
v -9.029467 -2.741686 -18.231974
v -5.910216 -2.489537 -24.623585
v -6.154406 -4.382426 24.623585
v -8.853942 -6.210088 19.805717
v -8.853942 -6.582692 12.070716
v -9.029467 -2.404154 -10.245388
v -9.029467 -2.655476 -16.192095
v -8.853942 -5.777186 -17.041845
v -8.998708 -3.138001 -9.963928
v -8.853942 -6.647847 -9.496089
v -8.953485 -4.234448 -9.543397
v -9.007362 -3.217345 -16.805038
v -8.696585 -1.135830 -14.534299
v -8.689398 -1.017562 -12.476439
v 0.067198 -5.020551 -24.030300
v 0.070783 -2.810812 24.623585
v 0.067198 -6.647847 2.115630
v 0.067198 -6.647847 10.718147
v 0.067198 -6.037611 23.386238
v 0.067198 -6.647847 -9.963928
v 0.067198 -5.630787 -18.231974
v 0.070783 -5.122257 24.623585
v 0.070783 2.887073 -23.437014
v 0.070783 6.412416 2.115630
v 0.070783 2.071077 10.718147
v 0.070783 -0.064749 23.386236
v 0.070783 6.412416 -9.963928
v 0.070783 3.395603 -18.231974
v 0.068348 -2.489537 -24.623585
v 0.070783 -4.382426 24.623585
v -6.344973 -3.279008 19.223812
v -6.097819 -1.126533 17.071339
v -6.135699 -1.386721 14.114639
v -6.384829 -3.468237 12.127739
v -6.430050 -3.853095 12.098170
v -6.430050 -4.006383 19.324980
v -6.254525 -6.172948 19.626314
v -6.254525 -6.545552 11.891314
v -5.327202 -2.175516 -10.321354
v -5.327202 -2.426838 -16.268061
v -5.151677 -5.773631 -17.117811
v -5.296443 -2.909363 -10.039894
v -5.151677 -6.644292 -9.572056
v -5.251221 -4.005810 -9.619364
v -5.305097 -2.988707 -16.881004
v -4.994320 -0.907192 -14.610265
v -4.987133 -0.788924 -12.552403
v 7.635870 2.887073 -23.437014
v 8.853942 -5.020551 -24.030300
v 9.402328 -2.810812 24.623585
v 9.402328 -5.122257 24.623585
v 8.853942 -6.647847 2.115630
v 7.374310 4.293541 2.115630
v 8.853942 -6.647847 10.718147
v 8.334018 2.071077 10.718148
v 8.853942 -6.037611 23.386238
v 9.402328 -0.064749 23.386236
v 7.374310 4.293541 -9.963928
v 8.853942 -6.647847 -9.493670
v 7.620110 3.395603 -18.231974
v 8.853942 -5.630787 -18.231974
v 5.795268 -5.020551 -24.030300
v 6.154406 -2.810812 24.623585
v 6.154406 -5.122257 24.623585
v 6.154406 2.887073 -23.437014
v 5.795268 -6.647847 2.115630
v 6.154406 6.412416 2.115630
v 6.606590 -6.647847 12.118554
v 6.154406 2.071077 10.718147
v 6.287395 -6.037611 23.386238
v 6.154406 -0.064749 23.386236
v 6.154406 6.412416 -9.963928
v 5.134087 -6.647847 -9.546992
v 5.067753 -5.630787 -17.130098
v 6.154406 3.395603 -18.231974
v 9.402328 -4.382426 24.623585
v 8.944389 -3.316149 19.403214
v 9.029467 -2.489537 -24.623585
v 8.697235 -1.163673 17.250740
v 9.029467 -2.392259 2.115630
v 9.029467 -3.857158 10.718147
v 8.735116 -1.423862 14.294041
v 9.029467 -4.125861 23.386236
v 8.984245 -3.505377 12.307141
v 9.029467 -3.890235 12.277572
v 9.029467 -2.392259 -9.963928
v 9.029467 -4.043523 19.504381
v 9.029467 -2.741686 -18.231974
v 5.910216 -2.489537 -24.623585
v 6.154406 -4.382426 24.623585
v 8.853942 -6.210088 19.805717
v 8.853942 -6.582692 12.070716
v 9.029467 -2.404154 -10.245388
v 9.029467 -2.655476 -16.192095
v 8.853942 -5.777186 -17.041845
v 8.998708 -3.138001 -9.963928
v 8.853942 -6.647847 -9.496089
v 8.953485 -4.234448 -9.543397
v 9.007362 -3.217345 -16.805038
v 8.696585 -1.135830 -14.534299
v 8.689398 -1.017562 -12.476439
v -0.067198 -5.020551 -24.030300
v -0.070783 -2.810812 24.623585
v -0.067198 -6.647847 2.115630
v -0.067198 -6.647847 10.718147
v -0.067198 -6.037611 23.386238
v -0.067198 -6.647847 -9.963928
v -0.067198 -5.630787 -18.231974
v -0.070783 -5.122257 24.623585
v -0.070783 2.887073 -23.437014
v -0.070783 6.412416 2.115630
v -0.070783 2.071077 10.718147
v -0.070783 -0.064749 23.386236
v -0.070783 6.412416 -9.963928
v -0.070783 3.395603 -18.231974
v -0.068348 -2.489537 -24.623585
v -0.070783 -4.382426 24.623585
v 6.344973 -3.279008 19.223812
v 6.097819 -1.126533 17.071339
v 6.135699 -1.386721 14.114639
v 6.384829 -3.468237 12.127739
v 6.430050 -3.853095 12.098170
v 6.430050 -4.006383 19.324980
v 6.254525 -6.172948 19.626314
v 6.254525 -6.545552 11.891314
v 5.327202 -2.175516 -10.321354
v 5.327202 -2.426838 -16.268061
v 5.151677 -5.773631 -17.117811
v 5.296443 -2.909363 -10.039894
v 5.151677 -6.644292 -9.572056
v 5.251221 -4.005810 -9.619364
v 5.305097 -2.988707 -16.881004
v 4.994320 -0.907192 -14.610265
v 4.987133 -0.788924 -12.552403
vt 0.831579 0.743719
vt 0.875000 0.743719
vt 0.875000 0.750000
vt 0.831579 0.750000
vt 0.455018 0.956579
vt 0.625000 0.956579
vt 0.625000 1.000000
vt 0.455018 1.000000
vt 0.455018 0.217553
vt 0.625000 0.217553
vt 0.625000 0.250000
vt 0.455018 0.250000
vt 0.455018 0.070590
vt 0.625000 0.070590
vt 0.625000 0.114260
vt 0.455018 0.114260
vt 0.831579 0.574419
vt 0.875000 0.574419
vt 0.875000 0.635740
vt 0.831579 0.635740
vt 0.455018 0.006281
vt 0.625000 0.006281
vt 0.455018 0.062674
vt 0.467427 0.062553
vt 0.535871 0.052631
vt 0.554562 0.037826
vt 0.481879 0.026633
vt 0.455018 0.025987
vt 0.875000 0.679410
vt 0.831579 0.679410
vt 0.455018 0.000000
vt 0.625000 0.000000
vt 0.831579 0.532447
vt 0.875000 0.532447
vt 0.625000 0.175581
vt 0.455018 0.175581
vt 0.831579 0.500000
vt 0.875000 0.500000
vt 0.455018 0.207198
vt 0.493780 0.198781
vt 0.493832 0.188334
vt 0.455018 0.177010
vt 0.748355 0.500000
vt 0.748355 0.532447
vt 0.125000 0.500000
vt 0.168421 0.500000
vt 0.168421 0.532447
vt 0.125000 0.532447
vt 0.748355 0.574419
vt 0.748355 0.679410
vt 0.748355 0.743719
vt 0.375000 0.024458
vt 0.375000 0.024458
vt 0.168421 0.743719
vt 0.125000 0.743719
vt 0.748355 0.635740
vt 0.125000 0.635740
vt 0.168421 0.635740
vt 0.168421 0.679410
vt 0.125000 0.679410
vt 0.125000 0.574419
vt 0.168421 0.574419
vt 0.125000 0.576794
vt 0.625000 0.293421
vt 0.455018 0.293421
vt 0.168421 0.750000
vt 0.125000 0.750000
vt 0.455018 0.873355
vt 0.625000 0.873355
vt 0.748355 0.750000
vt 0.375000 0.063724
vt 0.375000 0.070590
vt 0.375000 0.873355
vt 0.375000 0.956579
vt 0.375000 0.250000
vt 0.375000 0.293421
vt 0.375000 0.114260
vt 0.440996 0.175581
vt 0.420379 0.173446
vt 0.375000 0.173206
vt 0.375000 0.000000
vt 0.375000 0.006281
vt 0.375000 0.217553
vt 0.375000 1.000000
vt 0.375000 0.211512
vt 0.441666 0.210309
vt 0.455018 0.376645
vt 0.375000 0.376645
vt 0.251645 0.743719
vt 0.251645 0.750000
vt 0.625000 0.376645
vt 0.251645 0.574419
vt 0.251645 0.635740
vt 0.251645 0.679410
vt 0.251645 0.532447
vt 0.251645 0.500000
vt 0.535871 0.052631
vt 0.554562 0.037826
vt 0.455018 0.025987
vt 0.481879 0.026633
vt 0.455018 0.062674
vt 0.467427 0.062553
vt 0.375000 0.063724
vt 0.455018 0.207198
vt 0.493780 0.198781
vt 0.441666 0.210309
vt 0.420379 0.173446
vt 0.375000 0.173206
vt 0.493832 0.188334
vt 0.455018 0.177010
vt 0.440996 0.175581
vt 0.375000 0.211512
vt 0.831579 0.743719
vt 0.831579 0.750000
vt 0.875000 0.750000
vt 0.875000 0.743719
vt 0.455018 0.956579
vt 0.455018 1.000000
vt 0.625000 1.000000
vt 0.625000 0.956579
vt 0.455018 0.217553
vt 0.455018 0.250000
vt 0.625000 0.250000
vt 0.625000 0.217553
vt 0.455018 0.070590
vt 0.455018 0.114260
vt 0.625000 0.114260
vt 0.625000 0.070590
vt 0.831579 0.574419
vt 0.831579 0.635740
vt 0.875000 0.635740
vt 0.875000 0.574419
vt 0.455018 0.006281
vt 0.455018 0.025987
vt 0.481879 0.026633
vt 0.554562 0.037826
vt 0.535871 0.052631
vt 0.467427 0.062553
vt 0.455018 0.062674
vt 0.625000 0.006281
vt 0.831579 0.679410
vt 0.875000 0.679410
vt 0.455018 0.000000
vt 0.625000 0.000000
vt 0.831579 0.532447
vt 0.875000 0.532447
vt 0.455018 0.175581
vt 0.625000 0.175581
vt 0.831579 0.500000
vt 0.875000 0.500000
vt 0.455018 0.177010
vt 0.493832 0.188334
vt 0.493780 0.198781
vt 0.455018 0.207198
vt 0.748355 0.500000
vt 0.748355 0.532447
vt 0.125000 0.500000
vt 0.125000 0.532447
vt 0.168421 0.532447
vt 0.168421 0.500000
vt 0.748355 0.574419
vt 0.748355 0.679410
vt 0.748355 0.743719
vt 0.375000 0.024458
vt 0.125000 0.743719
vt 0.168421 0.743719
vt 0.375000 0.024458
vt 0.748355 0.635740
vt 0.125000 0.635740
vt 0.125000 0.679410
vt 0.168421 0.679410
vt 0.168421 0.635740
vt 0.125000 0.574419
vt 0.125000 0.576794
vt 0.168421 0.574419
vt 0.455018 0.293421
vt 0.625000 0.293421
vt 0.125000 0.750000
vt 0.168421 0.750000
vt 0.455018 0.873355
vt 0.625000 0.873355
vt 0.748355 0.750000
vt 0.375000 0.063724
vt 0.375000 0.070590
vt 0.375000 0.873355
vt 0.375000 0.956579
vt 0.375000 0.250000
vt 0.375000 0.293421
vt 0.375000 0.114260
vt 0.375000 0.173206
vt 0.420379 0.173446
vt 0.440996 0.175581
vt 0.375000 0.000000
vt 0.375000 0.006281
vt 0.375000 0.217553
vt 0.375000 1.000000
vt 0.375000 0.211512
vt 0.441666 0.210309
vt 0.375000 0.376645
vt 0.455018 0.376645
vt 0.251645 0.750000
vt 0.251645 0.743719
vt 0.625000 0.376645
vt 0.251645 0.635740
vt 0.251645 0.574419
vt 0.251645 0.679410
vt 0.251645 0.532447
vt 0.251645 0.500000
vt 0.554562 0.037826
vt 0.535871 0.052631
vt 0.455018 0.025987
vt 0.481879 0.026633
vt 0.467427 0.062553
vt 0.455018 0.062674
vt 0.375000 0.063724
vt 0.493780 0.198781
vt 0.455018 0.207198
vt 0.441666 0.210309
vt 0.375000 0.173206
vt 0.420379 0.173446
vt 0.493832 0.188334
vt 0.440996 0.175581
vt 0.455018 0.177010
vt 0.375000 0.211512
vn 0.0000 0.4108 0.9117
vn 0.0000 0.0000 1.0000
vn -0.9715 0.2369 -0.0039
vn -0.9830 0.1832 -0.0156
vn -0.8666 0.4989 0.0000
vn -0.9986 0.0067 -0.0516
vn -0.5074 0.8141 0.2823
vn -0.9723 -0.0644 -0.2246
vn 0.0000 0.9861 0.1663
vn -0.6100 0.7731 -0.1740
vn -0.9707 0.2403 0.0000
vn 0.0000 0.9953 -0.0972
vn -0.9724 0.2335 -0.0023
vn 0.0155 -0.9952 -0.0965
vn 0.0000 0.9394 -0.3428
vn 0.0086 -0.9991 0.0419
vn 0.0000 0.8928 0.4505
vn 0.0000 -1.0000 0.0000
vn 0.0000 1.0000 0.0000
vn 0.0000 0.2155 -0.9765
vn 0.0000 -0.8039 0.5947
vn -0.9980 -0.0639 0.0007
vn 0.0000 -0.2282 -0.9736
vn -0.9992 -0.0412 0.0000
vn -0.9407 -0.0623 -0.3336
vn -0.9963 -0.0857 0.0010
vn -0.9988 -0.0498 -0.0042
vn -0.9979 -0.0651 -0.0046
vn -0.9983 -0.0575 -0.0048
vn -0.9991 -0.0412 0.0017
vn 0.0055 -0.9987 0.0508
vn -0.0187 -0.9917 -0.1273
vn -0.0095 -0.9954 -0.0951
vn 0.0203 -0.9960 0.0874
vn -0.0661 -0.1427 -0.9876
vn -0.0664 -0.1298 -0.9893
vn -0.0389 -0.7043 -0.7088
vn 0.0698 -0.0846 0.9940
vn 0.0595 -0.6930 0.7185
vn 0.0697 -0.0719 0.9950
vn -0.9999 0.0123 0.0017
vn 0.0595 -0.7418 0.6680
vn 0.0592 -0.7348 0.6757
vn -0.0199 -0.0195 -0.9996
vn 0.0627 -0.9964 0.0570
vn 0.0029 -0.3580 -0.9337
vn 0.0232 -0.0869 0.9959
vn 0.0419 -0.8514 -0.5228
vn -1.0000 0.0025 -0.0026
vn 0.0322 -0.9723 -0.2316
vn -0.0320 -0.9871 0.1569
vn 0.9715 0.2369 -0.0039
vn 0.9830 0.1832 -0.0156
vn 0.8666 0.4989 0.0000
vn 0.9986 0.0067 -0.0516
vn 0.5074 0.8141 0.2823
vn 0.9723 -0.0644 -0.2246
vn 0.6100 0.7731 -0.1740
vn 0.9707 0.2403 0.0000
vn 0.9724 0.2335 -0.0023
vn -0.0155 -0.9952 -0.0965
vn -0.0086 -0.9991 0.0419
vn 0.9980 -0.0639 0.0007
vn 0.9992 -0.0412 0.0000
vn 0.9407 -0.0623 -0.3336
vn 0.9963 -0.0857 0.0010
vn 0.9988 -0.0498 -0.0042
vn 0.9979 -0.0651 -0.0046
vn 0.9983 -0.0575 -0.0048
vn 0.9991 -0.0412 0.0017
vn -0.0055 -0.9987 0.0508
vn 0.0187 -0.9917 -0.1273
vn 0.0095 -0.9954 -0.0951
vn -0.0203 -0.9960 0.0874
vn 0.0661 -0.1427 -0.9876
vn 0.0664 -0.1298 -0.9893
vn 0.0389 -0.7043 -0.7088
vn -0.0698 -0.0846 0.9940
vn -0.0595 -0.6930 0.7185
vn -0.0697 -0.0719 0.9950
vn 0.9999 0.0123 0.0017
vn -0.0595 -0.7418 0.6680
vn -0.0592 -0.7348 0.6757
vn 0.0199 -0.0195 -0.9996
vn -0.0627 -0.9964 0.0570
vn -0.0029 -0.3580 -0.9337
vn -0.0232 -0.0869 0.9959
vn -0.0419 -0.8514 -0.5228
vn 1.0000 0.0025 -0.0026
vn -0.0322 -0.9723 -0.2316
vn 0.0320 -0.9871 0.1569
usemtl Material
s off
f 24/1/1 10/2/1 3/3/1 16/4/1
f 43/5/2 16/6/2 3/7/2 29/8/2
f 41/9/3 13/10/3 1/11/3 31/12/3
f 34/13/4 8/14/4 6/15/4 33/16/4
f 25/17/5 11/18/5 6/19/5 20/20/5
f 36/21/6 10/22/6 8/14/6 34/13/6 38/23/6 37/24/6 35/25/6 32/26/6 30/27/6 40/28/6
f 20/20/7 6/19/7 8/29/7 22/30/7
f 29/31/8 3/32/8 10/22/8 36/21/8
f 22/30/9 8/29/9 10/2/9 24/1/9
f 28/33/10 13/34/10 11/18/10 25/17/10
f 33/16/11 6/15/11 11/35/11 39/36/11
f 18/37/12 1/38/12 13/34/12 28/33/12
f 39/36/13 11/35/13 13/10/13 41/9/13 47/39/13 53/40/13 54/41/13 46/42/13
f 63/43/12 18/37/12 28/33/12 68/44/12
f 2/45/14 15/46/14 27/47/14 14/48/14
f 68/44/15 28/33/15 25/17/15 67/49/15
f 65/50/9 22/30/9 24/1/9 66/51/9
f 44/52/16 77/53/16 23/54/16 9/55/16
f 64/56/17 20/20/17 22/30/17 65/50/17
f 5/57/18 19/58/18 21/59/18 7/60/18
f 67/49/19 25/17/19 20/20/19 64/56/19
f 12/61/18 26/62/18 19/58/18 5/57/18 50/63/18
f 31/12/20 1/11/20 18/64/20 42/65/20
f 9/55/21 23/54/21 17/66/21 4/67/21
f 70/68/2 56/69/2 16/6/2 43/5/2
f 66/51/1 24/1/1 16/4/1 56/70/1
f 45/71/22 38/23/22 34/13/22 7/72/22
f 62/73/2 70/68/2 43/5/2 17/74/2
f 2/75/23 31/12/23 42/65/23 15/76/23
f 5/77/24 33/16/24 39/36/24 49/78/24 51/79/24 50/80/24
f 4/81/25 29/31/25 36/21/25 9/82/25
f 9/82/26 36/21/26 40/28/26 44/52/26
f 7/72/27 34/13/27 33/16/27 5/77/27
f 14/83/28 41/9/28 31/12/28 2/75/28
f 17/74/2 43/5/2 29/8/2 4/84/2
f 48/85/29 52/86/29 47/39/29 41/9/29 14/83/29
f 46/42/30 49/78/30 39/36/30
f 15/76/23 42/65/23 69/87/23 55/88/23
f 23/54/21 59/89/21 62/90/21 17/66/21
f 42/65/20 18/64/20 63/91/20 69/87/20
f 26/62/18 60/92/18 57/93/18 19/58/18
f 19/58/18 57/93/18 58/94/18 21/59/18
f 21/59/31 58/94/31 59/89/31 23/54/31
f 27/47/32 61/95/32 60/92/32 26/62/32
f 15/46/33 55/96/33 61/95/33 27/47/33
f 32/26/34 35/25/34 73/97/34 72/98/34
f 44/52/35 40/28/35 76/99/35 77/53/35
f 40/28/36 30/27/36 71/100/36 76/99/36
f 30/27/37 32/26/37 72/98/37 71/100/37
f 37/24/38 38/23/38 75/101/38 74/102/38
f 35/25/39 37/24/39 74/102/39 73/97/39
f 38/23/40 45/71/40 78/103/40 75/101/40
f 74/102/41 75/101/41 78/103/41 77/53/41 76/99/41 71/100/41 72/98/41 73/97/41
f 53/40/42 47/39/42 80/104/42 86/105/42
f 47/39/43 52/86/43 85/106/43 80/104/43
f 50/80/44 51/79/44 84/107/44 83/108/44
f 54/41/45 53/40/45 86/105/45 87/109/45
f 49/78/46 46/42/46 79/110/46 82/111/46
f 52/86/47 48/85/47 81/112/47 85/106/47
f 51/79/46 49/78/46 82/111/46 84/107/46
f 46/42/48 54/41/48 87/109/48 79/110/48
f 82/111/49 79/110/49 87/109/49 86/105/49 80/104/49 85/106/49 81/112/49 83/108/49 84/107/49
f 27/47/50 81/112/50 48/85/50 14/83/50
f 21/59/51 78/103/51 45/71/51 7/72/51
f 111/113/1 103/114/1 90/115/1 97/116/1
f 130/117/2 116/118/2 90/119/2 103/120/2
f 128/121/52 118/122/52 88/123/52 100/124/52
f 121/125/53 120/126/53 93/127/53 95/128/53
f 112/129/54 107/130/54 93/131/54 98/132/54
f 123/133/55 127/134/55 117/135/55 119/136/55 122/137/55 124/138/55 125/139/55 121/125/55 95/128/55 97/140/55
f 107/130/56 109/141/56 95/142/56 93/131/56
f 116/143/57 123/133/57 97/140/57 90/144/57
f 109/141/9 111/113/9 97/116/9 95/142/9
f 115/145/58 112/129/58 98/132/58 100/146/58
f 120/126/59 126/147/59 98/148/59 93/127/59
f 105/149/12 115/145/12 100/146/12 88/150/12
f 126/147/60 133/151/60 141/152/60 140/153/60 134/154/60 128/121/60 100/124/60 98/148/60
f 150/155/12 155/156/12 115/145/12 105/149/12
f 89/157/61 101/158/61 114/159/61 102/160/61
f 155/156/15 154/161/15 112/129/15 115/145/15
f 152/162/9 153/163/9 111/113/9 109/141/9
f 131/164/62 96/165/62 110/166/62 164/167/62
f 151/168/17 152/162/17 109/141/17 107/130/17
f 92/169/18 94/170/18 108/171/18 106/172/18
f 154/161/19 151/168/19 107/130/19 112/129/19
f 99/173/18 137/174/18 92/169/18 106/172/18 113/175/18
f 118/122/20 129/176/20 105/177/20 88/123/20
f 96/165/21 91/178/21 104/179/21 110/166/21
f 157/180/2 130/117/2 103/120/2 143/181/2
f 153/163/1 143/182/1 103/114/1 111/113/1
f 132/183/63 94/184/63 121/125/63 125/139/63
f 149/185/2 104/186/2 130/117/2 157/180/2
f 89/187/23 102/188/23 129/176/23 118/122/23
f 92/189/64 137/190/64 138/191/64 136/192/64 126/147/64 120/126/64
f 91/193/65 96/194/65 123/133/65 116/143/65
f 96/194/66 131/164/66 127/134/66 123/133/66
f 94/184/67 92/189/67 120/126/67 121/125/67
f 101/195/68 89/187/68 118/122/68 128/121/68
f 104/186/2 91/196/2 116/118/2 130/117/2
f 135/197/69 101/195/69 128/121/69 134/154/69 139/198/69
f 133/151/70 126/147/70 136/192/70
f 102/188/23 142/199/23 156/200/23 129/176/23
f 110/166/21 104/179/21 149/201/21 146/202/21
f 129/176/20 156/200/20 150/203/20 105/177/20
f 113/175/18 106/172/18 144/204/18 147/205/18
f 106/172/18 108/171/18 145/206/18 144/204/18
f 108/171/71 110/166/71 146/202/71 145/206/71
f 114/159/72 113/175/72 147/205/72 148/207/72
f 102/160/73 114/159/73 148/207/73 142/208/73
f 119/136/74 159/209/74 160/210/74 122/137/74
f 131/164/75 164/167/75 163/211/75 127/134/75
f 127/134/76 163/211/76 158/212/76 117/135/76
f 117/135/77 158/212/77 159/209/77 119/136/77
f 124/138/78 161/213/78 162/214/78 125/139/78
f 122/137/79 160/210/79 161/213/79 124/138/79
f 125/139/80 162/214/80 165/215/80 132/183/80
f 161/213/81 160/210/81 159/209/81 158/212/81 163/211/81 164/167/81 165/215/81 162/214/81
f 140/153/82 173/216/82 167/217/82 134/154/82
f 134/154/83 167/217/83 172/218/83 139/198/83
f 137/190/84 170/219/84 171/220/84 138/191/84
f 141/152/85 174/221/85 173/216/85 140/153/85
f 136/192/86 169/222/86 166/223/86 133/151/86
f 139/198/87 172/218/87 168/224/87 135/197/87
f 138/191/86 171/220/86 169/222/86 136/192/86
f 133/151/88 166/223/88 174/221/88 141/152/88
f 169/222/89 171/220/89 170/219/89 168/224/89 172/218/89 167/217/89 173/216/89 174/221/89 166/223/89
f 114/159/90 101/195/90 135/197/90 168/224/90
f 108/171/91 94/184/91 132/183/91 165/215/91
o roda_Cylinder
v -6.789927 -4.944049 15.079058
v -7.093668 -4.944049 12.248302
v -6.789927 -5.095920 15.094016
v -7.093668 -5.648174 12.317652
v -6.789927 -5.241957 15.138316
v -7.093668 -6.325240 12.523037
v -6.789927 -5.376544 15.210255
v -7.093668 -6.949227 12.856565
v -6.789927 -5.494510 15.307066
v -7.093668 -7.496157 13.305419
v -6.789927 -5.591322 15.425032
v -7.093668 -7.945010 13.852348
v -6.789927 -5.663260 15.559620
v -7.093668 -8.278539 14.476336
v -6.789927 -5.707560 15.705655
v -7.093668 -8.483925 15.153401
v -6.789927 -5.722518 15.857527
v -7.093668 -8.553274 15.857527
v -6.789927 -5.707560 16.009398
v -7.093668 -8.483925 16.561651
v -6.789927 -5.663260 16.155434
v -7.093668 -8.278539 17.238718
v -6.789927 -5.591322 16.290020
v -7.093668 -7.945011 17.862705
v -6.789927 -5.494509 16.407988
v -7.093668 -7.496157 18.409634
v -6.789927 -5.376542 16.504801
v -7.093668 -6.949227 18.858488
v -6.789927 -5.241957 16.576738
v -7.093668 -6.325240 19.192017
v -6.789927 -5.095921 16.621037
v -7.093668 -5.648174 19.397402
v -6.789927 -4.944049 16.635996
v -7.093668 -4.944049 19.466751
v -6.789927 -4.792178 16.621037
v -7.093668 -4.239924 19.397402
v -6.789927 -4.646142 16.576738
v -7.093668 -3.562859 19.192017
v -6.789927 -4.511555 16.504801
v -7.093668 -2.938871 18.858488
v -6.789927 -4.393589 16.407988
v -7.093668 -2.391942 18.409634
v -6.789927 -4.296776 16.290020
v -7.093668 -1.943089 17.862705
v -6.789927 -4.224838 16.155434
v -7.093668 -1.609560 17.238718
v -6.789927 -4.180539 16.009398
v -7.093668 -1.404174 16.561651
v -6.789927 -4.165581 15.857527
v -7.093668 -1.334824 15.857527
v -6.789927 -4.180539 15.705656
v -7.093668 -1.404174 15.153401
v -6.789927 -4.224838 15.559620
v -7.093668 -1.609560 14.476336
v -6.789927 -4.296776 15.425033
v -7.093668 -1.943088 13.852349
v -6.789927 -4.393589 15.307067
v -7.093668 -2.391941 13.305420
v -6.789927 -4.511555 15.210254
v -7.093668 -2.938871 12.856565
v -6.789927 -4.646142 15.138315
v -7.093668 -3.562859 12.523037
v -6.789927 -4.792178 15.094016
v -7.093668 -4.239924 12.317652
v -9.355074 -4.944048 14.957237
v -9.094414 -4.944049 12.248302
v -9.094414 -5.648174 12.317652
v -9.355074 -5.119687 14.974537
v -9.094414 -6.325240 12.523037
v -9.355074 -5.288576 15.025768
v -9.094414 -6.949227 12.856565
v -9.355074 -5.444223 15.108964
v -9.094414 -7.496157 13.305419
v -9.355074 -5.580650 15.220926
v -9.094414 -7.945010 13.852348
v -9.355074 -5.692613 15.357353
v -9.094414 -8.278539 14.476336
v -9.355074 -5.775808 15.513001
v -9.094414 -8.483925 15.153401
v -9.355074 -5.827039 15.681888
v -9.094414 -8.553274 15.857527
v -9.355074 -5.844338 15.857527
v -9.094414 -8.483925 16.561651
v -9.355074 -5.827039 16.033165
v -9.094414 -8.278539 17.238718
v -9.355074 -5.775808 16.202053
v -9.094414 -7.945011 17.862705
v -9.355074 -5.692613 16.357700
v -9.094414 -7.496157 18.409634
v -9.355074 -5.580650 16.494127
v -9.094414 -6.949227 18.858488
v -9.355074 -5.444222 16.606091
v -9.094414 -6.325240 19.192017
v -9.355074 -5.288576 16.689285
v -9.094414 -5.648174 19.397402
v -9.355074 -5.119687 16.740517
v -9.094414 -4.944049 19.466751
v -9.355074 -4.944049 16.757816
v -9.094414 -4.239925 19.397402
v -9.355074 -4.768413 16.740517
v -9.094414 -3.562859 19.192017
v -9.355074 -4.599524 16.689285
v -9.094414 -2.938871 18.858488
v -9.355074 -4.443876 16.606091
v -9.094414 -2.391942 18.409634
v -9.355074 -4.307449 16.494127
v -9.094414 -1.943089 17.862705
v -9.355074 -4.195487 16.357700
v -9.094414 -1.609560 17.238718
v -9.355074 -4.112291 16.202053
v -9.094414 -1.404174 16.561651
v -9.355074 -4.061059 16.033165
v -9.094414 -1.334824 15.857527
v -9.355074 -4.043760 15.857527
v -9.094414 -1.404174 15.153401
v -9.355074 -4.061059 15.681889
v -9.094414 -1.609560 14.476336
v -9.355074 -4.112291 15.513000
v -9.094414 -1.943088 13.852349
v -9.355074 -4.195486 15.357353
v -9.094414 -2.391941 13.305420
v -9.355074 -4.307449 15.220926
v -9.094414 -2.938871 12.856565
v -9.355074 -4.443875 15.108964
v -9.094414 -3.562859 12.523037
v -9.355074 -4.599524 15.025768
v -9.094414 -4.239925 12.317652
v -9.355074 -4.768412 14.974536
v -6.789927 -4.944049 13.107182
v -6.789927 -5.480614 13.160028
v -6.789927 -5.996561 13.316540
v -6.789927 -6.472060 13.570699
v -6.789927 -6.888837 13.912739
v -6.789927 -7.230878 14.329516
v -6.789926 -7.485037 14.805016
v -6.789926 -7.641548 15.320961
v -6.789926 -7.694395 15.857527
v -6.789926 -7.641548 16.394093
v -6.789926 -7.485037 16.910038
v -6.789927 -7.230878 17.385536
v -6.789927 -6.888837 17.802315
v -6.789927 -6.472059 18.144356
v -6.789927 -5.996562 18.398514
v -6.789927 -5.480616 18.555025
v -6.789927 -4.944049 18.607872
v -6.789927 -4.407483 18.555025
v -6.789927 -3.891537 18.398514
v -6.789927 -3.416039 18.144356
v -6.789927 -2.999261 17.802315
v -6.789927 -2.657221 17.385538
v -6.789927 -2.403062 16.910038
v -6.789927 -2.246551 16.394093
v -6.789927 -2.193704 15.857527
v -6.789927 -2.246551 15.320961
v -6.789927 -2.403062 14.805016
v -6.789927 -2.657221 14.329517
v -6.789927 -2.999261 13.912739
v -6.789927 -3.416039 13.570698
v -6.789927 -3.891538 13.316539
v -6.789927 -4.407484 13.160028
v -9.355074 -5.504382 13.040549
v -9.355074 -4.944049 12.985361
v -9.355074 -6.043180 13.203992
v -9.355074 -6.539739 13.469408
v -9.355074 -6.974977 13.826599
v -9.355074 -7.332168 14.261837
v -9.355074 -7.597585 14.758397
v -9.355074 -7.761027 15.297194
v -9.355074 -7.816215 15.857527
v -9.355074 -7.761027 16.417860
v -9.355074 -7.597585 16.956657
v -9.355074 -7.332168 17.453217
v -9.355074 -6.974977 17.888454
v -9.355074 -6.539738 18.245647
v -9.355074 -6.043180 18.511063
v -9.355074 -5.504380 18.674505
v -9.355074 -4.944049 18.729692
v -9.355074 -4.383719 18.674505
v -9.355074 -3.844919 18.511063
v -9.355074 -3.348360 18.245646
v -9.355074 -2.913121 17.888454
v -9.355074 -2.555931 17.453217
v -9.355074 -2.290514 16.956657
v -9.355074 -2.127072 16.417860
v -9.355074 -2.071883 15.857527
v -9.355074 -2.127072 15.297194
v -9.355074 -2.290514 14.758396
v -9.355074 -2.555930 14.261838
v -9.355074 -2.913121 13.826599
v -9.355074 -3.348360 13.469408
v -9.355074 -3.844919 13.203991
v -9.355074 -4.383718 13.040548
v -6.789927 -4.944049 13.954889
v -6.789927 -5.315234 13.991447
v -6.789927 -5.672157 14.099719
v -6.789927 -6.001099 14.275542
v -6.789927 -6.289417 14.512159
v -6.789927 -6.526034 14.800478
v -6.789927 -6.701857 15.129419
v -6.789927 -6.810128 15.486341
v -6.789927 -6.846687 15.857527
v -6.789927 -6.810128 16.228712
v -6.789927 -6.701857 16.585634
v -6.789927 -6.526034 16.914576
v -6.789927 -6.289417 17.202894
v -6.789927 -6.001097 17.439512
v -6.789927 -5.672158 17.615334
v -6.789927 -5.315236 17.723606
v -6.789927 -4.944049 17.760164
v -6.789927 -4.572863 17.723606
v -6.789927 -4.215941 17.615334
v -6.789927 -3.887001 17.439512
v -6.789927 -3.598681 17.202894
v -6.789927 -3.362064 16.914576
v -6.789927 -3.186242 16.585634
v -6.789927 -3.077971 16.228712
v -6.789927 -3.041412 15.857527
v -6.789927 -3.077971 15.486341
v -6.789927 -3.186242 15.129419
v -6.789927 -3.362064 14.800478
v -6.789927 -3.598681 14.512159
v -6.789927 -3.887001 14.275541
v -6.789927 -4.215941 14.099719
v -6.789927 -4.572864 13.991447
v -9.355074 -5.339002 13.871968
v -9.355074 -4.944049 13.833069
v -9.355074 -5.718776 13.987172
v -9.355074 -6.068778 14.174252
v -9.355074 -6.375557 14.426019
v -9.355074 -6.627325 14.732799
v -9.355074 -6.814405 15.082801
v -9.355074 -6.929607 15.462574
v -9.355074 -6.968507 15.857527
v -9.355074 -6.929607 16.252480
v -9.355074 -6.814405 16.632254
v -9.355074 -6.627325 16.982256
v -9.355074 -6.375557 17.289034
v -9.355074 -6.068777 17.540802
v -9.355074 -5.718777 17.727882
v -9.355074 -5.339001 17.843086
v -9.355074 -4.944049 17.881985
v -9.355074 -4.549098 17.843086
v -9.355074 -4.169323 17.727882
v -9.355074 -3.819321 17.540802
v -9.355074 -3.512542 17.289034
v -9.355074 -3.260774 16.982256
v -9.355074 -3.073694 16.632254
v -9.355074 -2.958491 16.252480
v -9.355074 -2.919591 15.857527
v -9.355074 -2.958491 15.462574
v -9.355074 -3.073695 15.082800
v -9.355074 -3.260774 14.732799
v -9.355074 -3.512541 14.426019
v -9.355074 -3.819321 14.174252
v -9.355074 -4.169323 13.987171
v -9.355074 -4.549098 13.871968
vt 1.000000 0.550808
vt 1.000000 0.940794
vt 0.968750 0.940794
vt 0.968750 0.550808
vt 0.906250 0.550808
vt 0.906250 0.940794
vt 0.875000 0.940795
vt 0.875000 0.550808
vt 0.843750 0.940795
vt 0.843750 0.550808
vt 0.843750 0.550808
vt 0.812500 0.940795
vt 0.812500 0.550808
vt 0.781250 0.940794
vt 0.781250 0.550808
vt 0.750000 0.940794
vt 0.750000 0.550808
vt 0.718750 0.940794
vt 0.718750 0.550808
vt 0.687500 0.940794
vt 0.687500 0.550808
vt 0.656250 0.940794
vt 0.656250 0.550808
vt 0.625000 0.940795
vt 0.625000 0.550808
vt 0.593750 0.940795
vt 0.593750 0.550808
vt 0.593750 0.550808
vt 0.562500 0.940794
vt 0.562500 0.550808
vt 0.531250 0.940794
vt 0.531250 0.550808
vt 0.500000 0.940795
vt 0.500000 0.550808
vt 0.468750 0.940794
vt 0.468750 0.550808
vt 0.437500 0.940794
vt 0.437500 0.550808
vt 0.406250 0.940794
vt 0.406250 0.550808
vt 0.375000 0.940794
vt 0.375000 0.550808
vt 0.343750 0.940794
vt 0.343750 0.550808
vt 0.312500 0.940794
vt 0.312500 0.550808
vt 0.281250 0.940795
vt 0.281250 0.550808
vt 0.250000 0.940794
vt 0.250000 0.550808
vt 0.218750 0.940794
vt 0.218750 0.550808
vt 0.187500 0.940794
vt 0.187500 0.550808
vt 0.156250 0.940794
vt 0.156250 0.550808
vt 0.125000 0.940794
vt 0.125000 0.550808
vt 0.093750 0.940795
vt 0.093750 0.550808
vt 0.062500 0.940794
vt 0.062500 0.550808
vt 0.031250 0.940795
vt 0.031250 0.550808
vt 0.937500 0.940794
vt 0.937500 0.550808
vt 0.906250 0.550808
vt 0.000000 0.940795
vt 0.000000 0.550808
vt 0.996282 1.000000
vt 0.972468 1.000000
vt 0.965032 1.000000
vt 0.941218 1.000000
vt 0.933782 1.000000
vt 0.909968 1.000000
vt 0.902532 1.000000
vt 0.878718 1.000000
vt 0.871282 1.000000
vt 0.847468 1.000000
vt 0.840032 1.000000
vt 0.816218 1.000000
vt 0.808782 1.000000
vt 0.784968 1.000000
vt 0.777532 1.000000
vt 0.753718 1.000000
vt 0.746282 1.000000
vt 0.722468 1.000000
vt 0.715032 1.000000
vt 0.691218 1.000000
vt 0.683782 1.000000
vt 0.659968 1.000000
vt 0.652532 1.000000
vt 0.628718 1.000000
vt 0.621282 1.000000
vt 0.597468 1.000000
vt 0.590032 1.000000
vt 0.566218 1.000000
vt 0.558782 1.000000
vt 0.534968 1.000000
vt 0.527532 1.000000
vt 0.503718 1.000000
vt 0.496282 1.000000
vt 0.472468 1.000000
vt 0.465032 1.000000
vt 0.441218 1.000000
vt 0.433782 1.000000
vt 0.409968 1.000000
vt 0.402532 1.000000
vt 0.378718 1.000000
vt 0.371282 1.000000
vt 0.347468 1.000000
vt 0.340032 1.000000
vt 0.316218 1.000000
vt 0.308782 1.000000
vt 0.284968 1.000000
vt 0.277532 1.000000
vt 0.253718 1.000000
vt 0.246282 1.000000
vt 0.222468 1.000000
vt 0.215032 1.000000
vt 0.191218 1.000000
vt 0.183782 1.000000
vt 0.159968 1.000000
vt 0.152532 1.000000
vt 0.128718 1.000000
vt 0.121282 1.000000
vt 0.097468 1.000000
vt 0.090032 1.000000
vt 0.066218 1.000000
vt 0.058782 1.000000
vt 0.034968 1.000000
vt 0.027532 1.000000
vt 0.003718 1.000000
vt 0.260099 0.300771
vt 0.250000 0.301765
vt 0.239901 0.300771
vt 0.230190 0.297825
vt 0.221241 0.293041
vt 0.213396 0.286604
vt 0.206959 0.278759
vt 0.202175 0.269810
vt 0.199229 0.260099
vt 0.198235 0.250000
vt 0.199229 0.239901
vt 0.202175 0.230190
vt 0.206959 0.221241
vt 0.213396 0.213396
vt 0.221241 0.206959
vt 0.230190 0.202175
vt 0.239901 0.199229
vt 0.250000 0.198235
vt 0.260099 0.199229
vt 0.269810 0.202175
vt 0.278759 0.206959
vt 0.286603 0.213396
vt 0.293041 0.221241
vt 0.297825 0.230190
vt 0.300771 0.239901
vt 0.301765 0.250000
vt 0.300771 0.260099
vt 0.297825 0.269810
vt 0.293041 0.278759
vt 0.286604 0.286604
vt 0.278759 0.293041
vt 0.269810 0.297825
vt 0.971941 0.500000
vt 0.996809 0.500000
vt 0.940691 0.500000
vt 0.965559 0.500000
vt 0.909441 0.500000
vt 0.934309 0.500000
vt 0.878191 0.500000
vt 0.903059 0.500000
vt 0.846941 0.500000
vt 0.871809 0.500000
vt 0.815691 0.500000
vt 0.840559 0.500000
vt 0.784441 0.500000
vt 0.809309 0.500000
vt 0.753191 0.500000
vt 0.778059 0.500000
vt 0.721941 0.500000
vt 0.746809 0.500000
vt 0.690691 0.500000
vt 0.715559 0.500000
vt 0.659441 0.500000
vt 0.684309 0.500000
vt 0.628191 0.500000
vt 0.653059 0.500000
vt 0.596941 0.500000
vt 0.621809 0.500000
vt 0.565691 0.500000
vt 0.590559 0.500000
vt 0.534441 0.500000
vt 0.559309 0.500000
vt 0.503191 0.500000
vt 0.528059 0.500000
vt 0.471941 0.500000
vt 0.496809 0.500000
vt 0.440691 0.500000
vt 0.465559 0.500000
vt 0.409441 0.500000
vt 0.434309 0.500000
vt 0.378191 0.500000
vt 0.403059 0.500000
vt 0.346941 0.500000
vt 0.371809 0.500000
vt 0.315691 0.500000
vt 0.340559 0.500000
vt 0.284441 0.500000
vt 0.309309 0.500000
vt 0.253191 0.500000
vt 0.278059 0.500000
vt 0.221941 0.500000
vt 0.246809 0.500000
vt 0.190691 0.500000
vt 0.215559 0.500000
vt 0.159441 0.500000
vt 0.184309 0.500000
vt 0.128191 0.500000
vt 0.153059 0.500000
vt 0.096941 0.500000
vt 0.121809 0.500000
vt 0.065691 0.500000
vt 0.090559 0.500000
vt 0.034441 0.500000
vt 0.059309 0.500000
vt 0.003191 0.500000
vt 0.028059 0.500000
vt 0.750000 0.309866
vt 0.761679 0.308716
vt 0.772910 0.305309
vt 0.783260 0.299777
vt 0.792332 0.292332
vt 0.799777 0.283260
vt 0.805309 0.272910
vt 0.808716 0.261679
vt 0.809866 0.250000
vt 0.808716 0.238321
vt 0.805309 0.227090
vt 0.799777 0.216740
vt 0.792332 0.207668
vt 0.783260 0.200223
vt 0.772910 0.194691
vt 0.761679 0.191284
vt 0.750000 0.190134
vt 0.738321 0.191284
vt 0.727090 0.194691
vt 0.716740 0.200223
vt 0.707668 0.207668
vt 0.700223 0.216740
vt 0.694691 0.227090
vt 0.691285 0.238321
vt 0.690134 0.250000
vt 0.691285 0.261679
vt 0.694691 0.272910
vt 0.700223 0.283260
vt 0.707668 0.292332
vt 0.716740 0.299777
vt 0.727090 0.305309
vt 0.738321 0.308716
vt 0.250000 0.376518
vt 0.274682 0.374087
vt 0.285680 0.429374
vt 0.250000 0.432888
vt 0.298416 0.366888
vt 0.319988 0.418966
vt 0.320290 0.355196
vt 0.351607 0.402065
vt 0.339462 0.339462
vt 0.379321 0.379321
vt 0.355196 0.320290
vt 0.402066 0.351607
vt 0.366888 0.298416
vt 0.418966 0.319988
vt 0.374087 0.274682
vt 0.429374 0.285680
vt 0.376518 0.250000
vt 0.432888 0.250000
vt 0.374087 0.225318
vt 0.429374 0.214320
vt 0.366888 0.201584
vt 0.418966 0.180012
vt 0.355196 0.179710
vt 0.402066 0.148393
vt 0.339462 0.160538
vt 0.379321 0.120679
vt 0.320290 0.144804
vt 0.351607 0.097934
vt 0.298416 0.133112
vt 0.319988 0.081034
vt 0.274683 0.125913
vt 0.285680 0.070626
vt 0.250000 0.123482
vt 0.250000 0.067112
vt 0.225318 0.125913
vt 0.214320 0.070626
vt 0.201584 0.133112
vt 0.180012 0.081034
vt 0.179710 0.144804
vt 0.148393 0.097934
vt 0.160538 0.160538
vt 0.120679 0.120679
vt 0.144804 0.179710
vt 0.097934 0.148393
vt 0.133112 0.201584
vt 0.081034 0.180012
vt 0.125913 0.225318
vt 0.070626 0.214320
vt 0.123482 0.250000
vt 0.067112 0.250000
vt 0.125913 0.274682
vt 0.070626 0.285680
vt 0.133112 0.298416
vt 0.081034 0.319988
vt 0.144804 0.320290
vt 0.097934 0.351607
vt 0.160538 0.339462
vt 0.120679 0.379321
vt 0.179710 0.355196
vt 0.148393 0.402066
vt 0.201584 0.366888
vt 0.180012 0.418966
vt 0.225318 0.374087
vt 0.214320 0.429374
vt 0.776263 0.382032
vt 0.750000 0.384619
vt 0.750000 0.440988
vt 0.787260 0.437319
vt 0.801517 0.374372
vt 0.823088 0.426450
vt 0.824790 0.361932
vt 0.856108 0.408801
vt 0.845190 0.345190
vt 0.885049 0.385049
vt 0.861932 0.324790
vt 0.908801 0.356107
vt 0.874372 0.301516
vt 0.926450 0.323088
vt 0.882032 0.276263
vt 0.937319 0.287260
vt 0.884619 0.250000
vt 0.940988 0.250000
vt 0.882032 0.223737
vt 0.937319 0.212740
vt 0.874372 0.198484
vt 0.926450 0.176912
vt 0.861932 0.175210
vt 0.908801 0.143893
vt 0.845190 0.154810
vt 0.885049 0.114951
vt 0.824790 0.138068
vt 0.856108 0.091199
vt 0.801517 0.125628
vt 0.823088 0.073550
vt 0.776263 0.117968
vt 0.787260 0.062681
vt 0.750000 0.115381
vt 0.750000 0.059012
vt 0.723737 0.117968
vt 0.712740 0.062681
vt 0.698484 0.125628
vt 0.676912 0.073550
vt 0.675210 0.138068
vt 0.643893 0.091199
vt 0.654810 0.154810
vt 0.614951 0.114951
vt 0.638069 0.175210
vt 0.591199 0.143893
vt 0.625628 0.198484
vt 0.573550 0.176912
vt 0.617968 0.223737
vt 0.562681 0.212740
vt 0.615381 0.250000
vt 0.559012 0.250000
vt 0.617968 0.276263
vt 0.562681 0.287260
vt 0.625628 0.301516
vt 0.573550 0.323088
vt 0.638068 0.324790
vt 0.591199 0.356107
vt 0.654810 0.345190
vt 0.614951 0.385049
vt 0.675210 0.361932
vt 0.643893 0.408801
vt 0.698484 0.374372
vt 0.676912 0.426450
vt 0.723737 0.382032
vt 0.712740 0.437319
vn 0.0000 -0.0980 -0.9952
vn 0.0000 -0.6344 -0.7730
vn 0.0000 -0.7730 -0.6344
vn 0.0000 -0.8819 -0.4714
vn 0.0000 -0.9569 -0.2903
vn 0.0000 -0.9952 -0.0980
vn 0.0000 -0.9952 0.0980
vn 0.0000 -0.9569 0.2903
vn 0.0000 -0.8819 0.4714
vn 0.0000 -0.7730 0.6344
vn 0.0000 -0.6344 0.7730
vn 0.0000 -0.4714 0.8819
vn 0.0000 -0.2903 0.9569
vn -0.0000 -0.0980 0.9952
vn -0.0000 0.0980 0.9952
vn -0.0000 0.2903 0.9569
vn -0.0000 0.4714 0.8819
vn 0.0000 0.6344 0.7730
vn 0.0000 0.7730 0.6344
vn 0.0000 0.8819 0.4714
vn 0.0000 0.9569 0.2903
vn 0.0000 0.9952 0.0980
vn 0.0000 0.9952 -0.0980
vn 0.0000 0.9569 -0.2903
vn 0.0000 0.8819 -0.4714
vn 0.0000 0.7730 -0.6344
vn 0.0000 0.6344 -0.7730
vn 0.0000 0.4714 -0.8819
vn 0.0000 0.2903 -0.9569
vn 0.0000 -0.2903 -0.9569
vn 0.0000 -0.4714 -0.8819
vn 0.0000 0.0980 -0.9952
vn 0.9423 -0.0328 -0.3332
vn 0.9423 -0.0972 -0.3204
vn 0.9423 -0.1578 -0.2953
vn 0.9423 -0.2124 -0.2588
vn 0.9423 -0.2588 -0.2124
vn 0.9423 -0.2953 -0.1578
vn 0.9423 -0.3204 -0.0972
vn 0.9423 -0.3332 -0.0328
vn 0.9423 -0.3332 0.0328
vn 0.9423 -0.3204 0.0972
vn 0.9423 -0.2953 0.1578
vn 0.9423 -0.2588 0.2124
vn 0.9423 -0.2124 0.2588
vn 0.9423 -0.1578 0.2953
vn 0.9423 -0.0972 0.3204
vn 0.9423 -0.0328 0.3332
vn 0.9423 0.0328 0.3332
vn 0.9423 0.0972 0.3204
vn 0.9423 0.1578 0.2953
vn 0.9423 0.2124 0.2588
vn 0.9423 0.2588 0.2124
vn 0.9423 0.2953 0.1578
vn 0.9423 0.3204 0.0972
vn 0.9423 0.3332 0.0328
vn 0.9423 0.3332 -0.0328
vn 0.9423 0.3204 -0.0972
vn 0.9423 0.2953 -0.1578
vn 0.9423 0.2588 -0.2124
vn 0.9423 0.2124 -0.2588
vn 0.9423 0.1578 -0.2953
vn 0.9423 0.0972 -0.3204
vn 0.9423 0.0328 -0.3332
vn 1.0000 -0.0000 0.0000
vn -0.9423 -0.0328 -0.3332
vn -0.9423 -0.0972 -0.3204
vn -0.9423 -0.1578 -0.2953
vn -0.9423 -0.2124 -0.2588
vn -0.9423 -0.2588 -0.2124
vn -0.9423 -0.2953 -0.1578
vn -0.9423 -0.3204 -0.0972
vn -0.9423 -0.3332 -0.0328
vn -0.9423 -0.3332 0.0328
vn -0.9423 -0.3204 0.0972
vn -0.9423 -0.2953 0.1578
vn -0.9423 -0.2588 0.2124
vn -0.9423 -0.2124 0.2588
vn -0.9423 -0.1578 0.2953
vn -0.9423 -0.0972 0.3204
vn -0.9423 -0.0328 0.3332
vn -0.9423 0.0328 0.3332
vn -0.9423 0.0972 0.3204
vn -0.9423 0.1578 0.2953
vn -0.9423 0.2124 0.2588
vn -0.9423 0.2588 0.2124
vn -0.9423 0.2953 0.1578
vn -0.9423 0.3204 0.0972
vn -0.9423 0.3332 0.0328
vn -0.9423 0.3332 -0.0328
vn -0.9423 0.3204 -0.0972
vn -0.9423 0.2953 -0.1578
vn -0.9423 0.2588 -0.2124
vn -0.9423 0.2124 -0.2588
vn -0.9423 0.1578 -0.2953
vn -0.9423 0.0972 -0.3204
vn -0.9423 0.0328 -0.3332
vn -1.0000 -0.0000 0.0000
vn 0.0472 -0.7721 -0.6337
vn 0.0472 -0.8809 -0.4709
vn -0.0000 0.1951 -0.9808
vn -0.0000 0.1951 0.9808
vn 0.0474 0.9989 0.0000
vn -0.0000 -0.5556 -0.8315
vn -0.0000 -1.0000 0.0000
vn -0.0000 0.9239 -0.3827
vn 0.0000 -0.7071 0.7071
vn 0.0000 -0.7071 -0.7071
vn 0.0000 0.8315 0.5556
vn 0.0000 -0.5556 0.8315
vn 0.0478 0.6337 0.7721
vn -0.0000 0.9239 0.3827
vn 0.0472 -0.9559 -0.2900
vn 0.0472 -0.9559 0.2900
vn 0.0472 -0.8809 0.4709
vn 0.0472 -0.7721 0.6337
vn 0.0472 -0.4709 0.8809
vn 0.0472 -0.2900 0.9559
vn 0.0472 -0.0979 0.9941
vn -0.0472 -0.4709 -0.8809
vn -0.0472 -0.6337 -0.7721
vn -0.0472 -0.7721 -0.6337
vn -0.0472 -0.9941 -0.0979
vn -0.0472 -0.9941 0.0979
vn 0.0472 0.4709 -0.8809
vn 0.0472 0.6337 -0.7721
vn 0.0472 0.7721 -0.6337
vn 0.0472 -0.2900 -0.9559
vn 0.0472 -0.0979 -0.9941
vn -0.0472 0.0979 0.9941
vn -0.0472 0.2900 0.9559
vn -0.0472 0.7721 0.6337
vn -0.0472 0.8809 0.4709
vn -0.0472 0.9559 0.2900
vn -0.0472 0.9559 -0.2900
vn -0.0472 0.8809 -0.4709
vn -0.0472 0.7721 -0.6337
vn -0.0472 0.4709 -0.8809
vn -0.0472 0.2900 -0.9559
vn -0.0472 0.0979 -0.9941
vn -0.0472 -0.7721 0.6337
vn -0.0472 -0.6337 0.7721
vn -0.0472 -0.4709 0.8809
usemtl None
s off
f 240/225/92 176/226/92 178/227/92 241/228/92
f 245/229/93 182/230/93 184/231/93 247/232/93
f 247/232/94 184/231/94 186/233/94 249/234/94
f 249/235/95 186/233/95 188/236/95 251/237/95
f 251/237/96 188/236/96 190/238/96 253/239/96
f 253/239/97 190/238/97 192/240/97 255/241/97
f 255/241/98 192/240/98 194/242/98 257/243/98
f 257/243/99 194/242/99 196/244/99 259/245/99
f 259/245/100 196/244/100 198/246/100 261/247/100
f 261/247/101 198/246/101 200/248/101 263/249/101
f 263/249/102 200/248/102 202/250/102 265/251/102
f 265/252/103 202/250/103 204/253/103 267/254/103
f 267/254/104 204/253/104 206/255/104 269/256/104
f 269/256/105 206/255/105 208/257/105 271/258/105
f 271/258/106 208/257/106 210/259/106 273/260/106
f 273/260/107 210/259/107 212/261/107 275/262/107
f 275/262/108 212/261/108 214/263/108 277/264/108
f 277/264/109 214/263/109 216/265/109 279/266/109
f 279/266/110 216/265/110 218/267/110 281/268/110
f 281/268/111 218/267/111 220/269/111 283/270/111
f 283/270/112 220/269/112 222/271/112 285/272/112
f 285/272/113 222/271/113 224/273/113 287/274/113
f 287/274/114 224/273/114 226/275/114 289/276/114
f 289/276/115 226/275/115 228/277/115 291/278/115
f 291/278/116 228/277/116 230/279/116 293/280/116
f 293/280/117 230/279/117 232/281/117 295/282/117
f 295/282/118 232/281/118 234/283/118 297/284/118
f 297/284/119 234/283/119 236/285/119 299/286/119
f 299/286/120 236/285/120 238/287/120 301/288/120
f 241/228/121 178/227/121 180/289/121 243/290/121
f 243/290/122 180/289/122 182/230/122 245/291/122
f 301/288/123 238/287/123 176/292/123 240/293/123
f 178/227/124 176/226/124 303/294/124 304/295/124
f 180/289/125 178/227/125 304/296/125 305/297/125
f 182/230/126 180/289/126 305/298/126 306/299/126
f 184/231/127 182/230/127 306/300/127 307/301/127
f 186/233/128 184/231/128 307/302/128 308/303/128
f 188/236/129 186/233/129 308/304/129 309/305/129
f 190/238/130 188/236/130 309/306/130 310/307/130
f 192/240/131 190/238/131 310/308/131 311/309/131
f 194/242/132 192/240/132 311/310/132 312/311/132
f 196/244/133 194/242/133 312/312/133 313/313/133
f 198/246/134 196/244/134 313/314/134 314/315/134
f 200/248/135 198/246/135 314/316/135 315/317/135
f 202/250/136 200/248/136 315/318/136 316/319/136
f 204/253/137 202/250/137 316/320/137 317/321/137
f 206/255/138 204/253/138 317/322/138 318/323/138
f 208/257/139 206/255/139 318/324/139 319/325/139
f 210/259/140 208/257/140 319/326/140 320/327/140
f 212/261/141 210/259/141 320/328/141 321/329/141
f 214/263/142 212/261/142 321/330/142 322/331/142
f 216/265/143 214/263/143 322/332/143 323/333/143
f 218/267/144 216/265/144 323/334/144 324/335/144
f 220/269/145 218/267/145 324/336/145 325/337/145
f 222/271/146 220/269/146 325/338/146 326/339/146
f 224/273/147 222/271/147 326/340/147 327/341/147
f 226/275/148 224/273/148 327/342/148 328/343/148
f 228/277/149 226/275/149 328/344/149 329/345/149
f 230/279/150 228/277/150 329/346/150 330/347/150
f 232/281/151 230/279/151 330/348/151 331/349/151
f 234/283/152 232/281/152 331/350/152 332/351/152
f 236/285/153 234/283/153 332/352/153 333/353/153
f 238/287/154 236/285/154 333/354/154 334/355/154
f 176/292/155 238/287/155 334/356/155 303/357/155
f 177/358/156 175/359/156 237/360/156 235/361/156 233/362/156 231/363/156 229/364/156 227/365/156 225/366/156 223/367/156 221/368/156 219/369/156 217/370/156 215/371/156 213/372/156 211/373/156 209/374/156 207/375/156 205/376/156 203/377/156 201/378/156 199/379/156 197/380/156 195/381/156 193/382/156 191/383/156 189/384/156 187/385/156 185/386/156 183/387/156 181/388/156 179/389/156
f 240/225/157 241/228/157 335/390/157 336/391/157
f 241/228/158 243/290/158 337/392/158 335/393/158
f 243/290/159 245/291/159 338/394/159 337/395/159
f 245/229/160 247/232/160 339/396/160 338/397/160
f 247/232/161 249/234/161 340/398/161 339/399/161
f 249/235/162 251/237/162 341/400/162 340/401/162
f 251/237/163 253/239/163 342/402/163 341/403/163
f 253/239/164 255/241/164 343/404/164 342/405/164
f 255/241/165 257/243/165 344/406/165 343/407/165
f 257/243/166 259/245/166 345/408/166 344/409/166
f 259/245/167 261/247/167 346/410/167 345/411/167
f 261/247/168 263/249/168 347/412/168 346/413/168
f 263/249/169 265/251/169 348/414/169 347/415/169
f 265/252/170 267/254/170 349/416/170 348/417/170
f 267/254/171 269/256/171 350/418/171 349/419/171
f 269/256/172 271/258/172 351/420/172 350/421/172
f 271/258/173 273/260/173 352/422/173 351/423/173
f 273/260/174 275/262/174 353/424/174 352/425/174
f 275/262/175 277/264/175 354/426/175 353/427/175
f 277/264/176 279/266/176 355/428/176 354/429/176
f 279/266/177 281/268/177 356/430/177 355/431/177
f 281/268/178 283/270/178 357/432/178 356/433/178
f 283/270/179 285/272/179 358/434/179 357/435/179
f 285/272/180 287/274/180 359/436/180 358/437/180
f 287/274/181 289/276/181 360/438/181 359/439/181
f 289/276/182 291/278/182 361/440/182 360/441/182
f 291/278/183 293/280/183 362/442/183 361/443/183
f 293/280/184 295/282/184 363/444/184 362/445/184
f 295/282/185 297/284/185 364/446/185 363/447/185
f 297/284/186 299/286/186 365/448/186 364/449/186
f 299/286/187 301/288/187 366/450/187 365/451/187
f 301/288/188 240/293/188 336/452/188 366/453/188
f 239/454/189 242/455/189 244/456/189 246/457/189 248/458/189 250/459/189 252/460/189 254/461/189 256/462/189 258/463/189 260/464/189 262/465/189 264/466/189 266/467/189 268/468/189 270/469/189 272/470/189 274/471/189 276/472/189 278/473/189 280/474/189 282/475/189 284/476/189 286/477/189 288/478/189 290/479/189 292/480/189 294/481/189 296/482/189 298/483/189 300/484/189 302/485/189
f 367/486/156 368/487/156 304/488/156 303/489/156
f 368/487/156 369/490/156 305/491/156 304/488/156
f 369/490/156 370/492/156 306/493/156 305/491/156
f 370/492/156 371/494/156 307/495/156 306/493/156
f 371/494/156 372/496/156 308/497/156 307/495/156
f 372/496/156 373/498/156 309/499/156 308/497/156
f 373/498/156 374/500/156 310/501/156 309/499/156
f 374/500/156 375/502/156 311/503/156 310/501/156
f 375/502/156 376/504/156 312/505/156 311/503/156
f 376/504/156 377/506/156 313/507/156 312/505/156
f 377/506/156 378/508/156 314/509/156 313/507/156
f 378/508/156 379/510/156 315/511/156 314/509/156
f 379/510/156 380/512/156 316/513/156 315/511/156
f 380/512/156 381/514/156 317/515/156 316/513/156
f 381/514/156 382/516/156 318/517/156 317/515/156
f 382/516/156 383/518/156 319/519/156 318/517/156
f 383/518/156 384/520/156 320/521/156 319/519/156
f 384/520/156 385/522/156 321/523/156 320/521/156
f 385/522/156 386/524/156 322/525/156 321/523/156
f 386/524/156 387/526/156 323/527/156 322/525/156
f 387/526/156 388/528/156 324/529/156 323/527/156
f 388/528/156 389/530/156 325/531/156 324/529/156
f 389/530/156 390/532/156 326/533/156 325/531/156
f 390/532/156 391/534/156 327/535/156 326/533/156
f 391/534/156 392/536/156 328/537/156 327/535/156
f 392/536/156 393/538/156 329/539/156 328/537/156
f 393/538/156 394/540/156 330/541/156 329/539/156
f 394/540/156 395/542/156 331/543/156 330/541/156
f 395/542/156 396/544/156 332/545/156 331/543/156
f 396/544/156 397/546/156 333/547/156 332/545/156
f 397/546/156 398/548/156 334/549/156 333/547/156
f 398/548/156 367/486/156 303/489/156 334/549/156
f 399/550/189 400/551/189 336/552/189 335/553/189
f 401/554/189 399/550/189 335/553/189 337/555/189
f 402/556/189 401/554/189 337/555/189 338/557/189
f 403/558/189 402/556/189 338/557/189 339/559/189
f 404/560/189 403/558/189 339/559/189 340/561/189
f 405/562/189 404/560/189 340/561/189 341/563/189
f 406/564/189 405/562/189 341/563/189 342/565/189
f 407/566/189 406/564/189 342/565/189 343/567/189
f 408/568/189 407/566/189 343/567/189 344/569/189
f 409/570/189 408/568/189 344/569/189 345/571/189
f 410/572/189 409/570/189 345/571/189 346/573/189
f 411/574/189 410/572/189 346/573/189 347/575/189
f 412/576/189 411/574/189 347/575/189 348/577/189
f 413/578/189 412/576/189 348/577/189 349/579/189
f 414/580/189 413/578/189 349/579/189 350/581/189
f 415/582/189 414/580/189 350/581/189 351/583/189
f 416/584/189 415/582/189 351/583/189 352/585/189
f 417/586/189 416/584/189 352/585/189 353/587/189
f 418/588/189 417/586/189 353/587/189 354/589/189
f 419/590/189 418/588/189 354/589/189 355/591/189
f 420/592/189 419/590/189 355/591/189 356/593/189
f 421/594/189 420/592/189 356/593/189 357/595/189
f 422/596/189 421/594/189 357/595/189 358/597/189
f 423/598/189 422/596/189 358/597/189 359/599/189
f 424/600/189 423/598/189 359/599/189 360/601/189
f 425/602/189 424/600/189 360/601/189 361/603/189
f 426/604/189 425/602/189 361/603/189 362/605/189
f 427/606/189 426/604/189 362/605/189 363/607/189
f 428/608/189 427/606/189 363/607/189 364/609/189
f 429/610/189 428/608/189 364/609/189 365/611/189
f 430/612/189 429/610/189 365/611/189 366/613/189
f 400/551/189 430/612/189 366/613/189 336/552/189
f 183/387/190 185/386/190 250/459/190 248/458/190
f 185/386/191 187/385/191 252/460/191 250/459/191
f 179/389/156 181/388/156 370/492/156 369/490/156
f 181/388/156 183/387/156 371/494/156 370/492/156
f 286/477/192 422/596/192 390/532/192 221/368/192
f 424/600/193 290/479/193 225/366/193 392/536/193
f 221/368/194 223/367/194 225/366/194 290/479/194 288/478/194 286/477/194
f 189/384/156 191/383/156 375/502/156 374/500/156
f 191/383/156 193/382/156 376/504/156 375/502/156
f 199/379/156 201/378/156 380/512/156 379/510/156
f 229/364/195 294/481/195 426/604/195 394/540/195
f 367/486/196 175/359/196 239/454/196 400/551/196
f 179/389/197 369/490/197 401/554/197 244/456/197
f 207/375/156 209/374/156 384/520/156 383/518/156
f 209/374/156 211/373/156 385/522/156 384/520/156
f 183/387/198 248/458/198 403/558/198 371/494/198
f 189/384/192 374/500/192 406/564/192 254/461/192
f 193/382/193 258/463/193 408/568/193 376/504/193
f 217/370/156 219/369/156 389/530/156 388/528/156
f 219/369/156 221/368/156 390/532/156 389/530/156
f 199/379/199 379/510/199 411/574/199 264/466/199
f 201/378/200 266/467/200 412/576/200 380/512/200
f 225/366/156 227/365/156 393/538/156 392/536/156
f 227/365/156 229/364/156 394/540/156 393/538/156
f 415/582/196 272/470/196 207/375/196 383/518/196
f 211/373/197 276/472/197 417/586/197 385/522/197
f 282/475/201 217/370/201 388/528/201 420/592/201
f 235/361/156 237/360/156 398/548/156 397/546/156
f 237/360/156 175/359/156 367/486/156 398/548/156
f 246/457/189 244/456/189 401/554/189 402/556/189
f 248/458/189 246/457/189 402/556/189 403/558/189
f 256/462/189 254/461/189 406/564/189 407/566/189
f 258/463/189 256/462/189 407/566/189 408/568/189
f 266/467/189 264/466/189 411/574/189 412/576/189
f 274/471/189 272/470/189 415/582/189 416/584/189
f 276/472/189 274/471/189 416/584/189 417/586/189
f 284/476/189 282/475/189 420/592/189 421/594/189
f 286/477/189 284/476/189 421/594/189 422/596/189
f 292/480/189 290/479/189 424/600/189 425/602/189
f 294/481/189 292/480/189 425/602/189 426/604/189
f 276/472/202 211/373/202 213/372/202 215/371/202 217/370/202 282/475/202 280/474/202 278/473/202
f 235/361/203 397/546/203 429/610/203 300/484/203
f 302/485/189 300/484/189 429/610/189 430/612/189
f 239/454/189 302/485/189 430/612/189 400/551/189
f 187/385/204 189/384/204 254/461/204 252/460/204
f 193/382/205 195/381/205 260/464/205 258/463/205
f 195/381/206 197/380/206 262/465/206 260/464/206
f 197/380/207 199/379/207 264/466/207 262/465/207
f 201/378/208 203/377/208 268/468/208 266/467/208
f 203/377/209 205/376/209 270/469/209 268/468/209
f 205/376/210 207/375/210 272/470/210 270/469/210
f 276/472/211 278/473/211 213/372/211 211/373/211
f 278/473/212 280/474/212 215/371/212 213/372/212
f 280/474/213 282/475/213 217/370/213 215/371/213
f 286/477/214 288/478/214 223/367/214 221/368/214
f 288/478/215 290/479/215 225/366/215 223/367/215
f 233/362/216 235/361/216 300/484/216 298/483/216
f 231/363/217 233/362/217 298/483/217 296/482/217
f 229/364/218 231/363/218 296/482/218 294/481/218
f 177/358/219 179/389/219 244/456/219 242/455/219
f 175/359/220 177/358/220 242/455/220 239/454/220
f 367/486/221 400/551/221 399/550/221 368/487/221
f 368/487/222 399/550/222 401/554/222 369/490/222
f 371/494/223 403/558/223 404/560/223 372/496/223
f 372/496/224 404/560/224 405/562/224 373/498/224
f 373/498/225 405/562/225 406/564/225 374/500/225
f 376/504/226 408/568/226 409/570/226 377/506/226
f 377/506/227 409/570/227 410/572/227 378/508/227
f 378/508/228 410/572/228 411/574/228 379/510/228
f 380/512/229 412/576/229 413/578/229 381/514/229
f 381/514/230 413/578/230 414/580/230 382/516/230
f 382/516/231 414/580/231 415/582/231 383/518/231
f 385/522/211 417/586/211 418/588/211 386/524/211
f 386/524/212 418/588/212 419/590/212 387/526/212
f 387/526/213 419/590/213 420/592/213 388/528/213
f 390/532/214 422/596/214 423/598/214 391/534/214
f 391/534/215 423/598/215 424/600/215 392/536/215
f 394/540/232 426/604/232 427/606/232 395/542/232
f 395/542/233 427/606/233 428/608/233 396/544/233
f 396/544/234 428/608/234 429/610/234 397/546/234
o roda2_Cylinder.001
v 9.403053 -4.944049 15.079058
v 9.099312 -4.944049 12.248302
v 9.403053 -5.095920 15.094016
v 9.099312 -5.648174 12.317652
v 9.403053 -5.241957 15.138316
v 9.099312 -6.325240 12.523037
v 9.403053 -5.376544 15.210255
v 9.099312 -6.949227 12.856565
v 9.403053 -5.494510 15.307066
v 9.099312 -7.496157 13.305419
v 9.403053 -5.591322 15.425032
v 9.099312 -7.945010 13.852348
v 9.403053 -5.663260 15.559620
v 9.099312 -8.278539 14.476336
v 9.403053 -5.707560 15.705655
v 9.099312 -8.483925 15.153401
v 9.403053 -5.722518 15.857527
v 9.099312 -8.553274 15.857527
v 9.403053 -5.707560 16.009398
v 9.099312 -8.483925 16.561651
v 9.403053 -5.663260 16.155434
v 9.099312 -8.278539 17.238718
v 9.403053 -5.591322 16.290020
v 9.099312 -7.945011 17.862705
v 9.403053 -5.494509 16.407988
v 9.099312 -7.496157 18.409634
v 9.403053 -5.376542 16.504801
v 9.099312 -6.949227 18.858488
v 9.403053 -5.241957 16.576738
v 9.099312 -6.325240 19.192017
v 9.403053 -5.095921 16.621037
v 9.099312 -5.648174 19.397402
v 9.403053 -4.944049 16.635996
v 9.099312 -4.944049 19.466751
v 9.403053 -4.792178 16.621037
v 9.099312 -4.239924 19.397402
v 9.403053 -4.646142 16.576738
v 9.099312 -3.562859 19.192017
v 9.403053 -4.511555 16.504801
v 9.099312 -2.938871 18.858488
v 9.403053 -4.393589 16.407988
v 9.099312 -2.391942 18.409634
v 9.403053 -4.296776 16.290020
v 9.099312 -1.943089 17.862705
v 9.403053 -4.224838 16.155434
v 9.099312 -1.609560 17.238718
v 9.403053 -4.180539 16.009398
v 9.099312 -1.404174 16.561651
v 9.403053 -4.165581 15.857527
v 9.099311 -1.334824 15.857527
v 9.403053 -4.180539 15.705656
v 9.099312 -1.404174 15.153401
v 9.403053 -4.224838 15.559620
v 9.099312 -1.609560 14.476336
v 9.403053 -4.296776 15.425033
v 9.099312 -1.943088 13.852349
v 9.403053 -4.393589 15.307067
v 9.099312 -2.391941 13.305420
v 9.403053 -4.511555 15.210254
v 9.099312 -2.938871 12.856565
v 9.403053 -4.646142 15.138315
v 9.099312 -3.562859 12.523037
v 9.403053 -4.792178 15.094016
v 9.099312 -4.239924 12.317652
v 6.837906 -4.944048 14.957237
v 7.098566 -4.944049 12.248302
v 7.098566 -5.648174 12.317652
v 6.837906 -5.119687 14.974537
v 7.098566 -6.325240 12.523037
v 6.837906 -5.288576 15.025768
v 7.098566 -6.949227 12.856565
v 6.837906 -5.444223 15.108964
v 7.098566 -7.496157 13.305419
v 6.837906 -5.580650 15.220926
v 7.098566 -7.945010 13.852348
v 6.837906 -5.692613 15.357353
v 7.098566 -8.278539 14.476336
v 6.837906 -5.775808 15.513001
v 7.098566 -8.483925 15.153401
v 6.837906 -5.827039 15.681888
v 7.098566 -8.553274 15.857527
v 6.837906 -5.844338 15.857527
v 7.098566 -8.483925 16.561651
v 6.837906 -5.827039 16.033165
v 7.098566 -8.278539 17.238718
v 6.837906 -5.775808 16.202053
v 7.098566 -7.945011 17.862705
v 6.837906 -5.692613 16.357700
v 7.098566 -7.496157 18.409634
v 6.837906 -5.580650 16.494127
v 7.098566 -6.949227 18.858488
v 6.837906 -5.444222 16.606091
v 7.098566 -6.325240 19.192017
v 6.837906 -5.288576 16.689285
v 7.098566 -5.648174 19.397402
v 6.837906 -5.119687 16.740517
v 7.098566 -4.944049 19.466751
v 6.837906 -4.944049 16.757816
v 7.098566 -4.239925 19.397402
v 6.837906 -4.768413 16.740517
v 7.098566 -3.562859 19.192017
v 6.837906 -4.599524 16.689285
v 7.098566 -2.938871 18.858488
v 6.837906 -4.443876 16.606091
v 7.098566 -2.391942 18.409634
v 6.837906 -4.307449 16.494127
v 7.098566 -1.943089 17.862705
v 6.837906 -4.195487 16.357700
v 7.098566 -1.609560 17.238718
v 6.837906 -4.112291 16.202053
v 7.098566 -1.404174 16.561651
v 6.837906 -4.061059 16.033165
v 7.098566 -1.334824 15.857527
v 6.837906 -4.043760 15.857527
v 7.098566 -1.404174 15.153401
v 6.837906 -4.061059 15.681889
v 7.098566 -1.609560 14.476336
v 6.837906 -4.112291 15.513000
v 7.098566 -1.943088 13.852349
v 6.837906 -4.195486 15.357353
v 7.098566 -2.391941 13.305420
v 6.837906 -4.307449 15.220926
v 7.098566 -2.938871 12.856565
v 6.837906 -4.443875 15.108964
v 7.098566 -3.562859 12.523037
v 6.837906 -4.599524 15.025768
v 7.098566 -4.239925 12.317652
v 6.837906 -4.768412 14.974536
v 9.403053 -4.944049 13.107182
v 9.403053 -5.480614 13.160028
v 9.403053 -5.996561 13.316540
v 9.403053 -6.472060 13.570699
v 9.403053 -6.888837 13.912739
v 9.403053 -7.230878 14.329516
v 9.403053 -7.485037 14.805016
v 9.403053 -7.641548 15.320961
v 9.403053 -7.694395 15.857527
v 9.403053 -7.641548 16.394093
v 9.403053 -7.485037 16.910038
v 9.403053 -7.230878 17.385536
v 9.403053 -6.888837 17.802315
v 9.403053 -6.472059 18.144356
v 9.403053 -5.996562 18.398514
v 9.403053 -5.480616 18.555025
v 9.403053 -4.944049 18.607872
v 9.403053 -4.407483 18.555025
v 9.403053 -3.891537 18.398514
v 9.403053 -3.416039 18.144356
v 9.403053 -2.999261 17.802315
v 9.403053 -2.657221 17.385538
v 9.403053 -2.403062 16.910038
v 9.403053 -2.246551 16.394093
v 9.403053 -2.193704 15.857527
v 9.403053 -2.246551 15.320961
v 9.403053 -2.403062 14.805016
v 9.403053 -2.657221 14.329517
v 9.403053 -2.999261 13.912739
v 9.403053 -3.416039 13.570698
v 9.403053 -3.891538 13.316539
v 9.403053 -4.407484 13.160028
v 6.837906 -5.504382 13.040549
v 6.837906 -4.944049 12.985361
v 6.837906 -6.043180 13.203992
v 6.837906 -6.539739 13.469408
v 6.837906 -6.974977 13.826599
v 6.837906 -7.332168 14.261837
v 6.837906 -7.597585 14.758397
v 6.837906 -7.761027 15.297194
v 6.837906 -7.816215 15.857527
v 6.837906 -7.761027 16.417860
v 6.837906 -7.597585 16.956657
v 6.837906 -7.332168 17.453217
v 6.837906 -6.974977 17.888454
v 6.837906 -6.539738 18.245647
v 6.837906 -6.043180 18.511063
v 6.837906 -5.504380 18.674505
v 6.837906 -4.944049 18.729692
v 6.837906 -4.383719 18.674505
v 6.837906 -3.844919 18.511063
v 6.837906 -3.348360 18.245646
v 6.837906 -2.913121 17.888454
v 6.837905 -2.555931 17.453217
v 6.837905 -2.290514 16.956657
v 6.837905 -2.127072 16.417860
v 6.837905 -2.071883 15.857527
v 6.837905 -2.127072 15.297194
v 6.837905 -2.290514 14.758396
v 6.837905 -2.555930 14.261838
v 6.837906 -2.913121 13.826599
v 6.837906 -3.348360 13.469408
v 6.837906 -3.844919 13.203991
v 6.837906 -4.383718 13.040548
v 9.403053 -4.944049 13.954889
v 9.403053 -5.315234 13.991447
v 9.403053 -5.672157 14.099719
v 9.403053 -6.001099 14.275542
v 9.403053 -6.289417 14.512159
v 9.403053 -6.526034 14.800478
v 9.403053 -6.701857 15.129419
v 9.403053 -6.810128 15.486341
v 9.403053 -6.846687 15.857527
v 9.403053 -6.810128 16.228712
v 9.403053 -6.701857 16.585634
v 9.403053 -6.526034 16.914576
v 9.403053 -6.289417 17.202894
v 9.403053 -6.001097 17.439512
v 9.403053 -5.672158 17.615334
v 9.403053 -5.315236 17.723606
v 9.403053 -4.944049 17.760164
v 9.403053 -4.572863 17.723606
v 9.403053 -4.215941 17.615334
v 9.403053 -3.887001 17.439512
v 9.403053 -3.598681 17.202894
v 9.403053 -3.362064 16.914576
v 9.403053 -3.186242 16.585634
v 9.403053 -3.077971 16.228712
v 9.403053 -3.041412 15.857527
v 9.403053 -3.077971 15.486341
v 9.403053 -3.186242 15.129419
v 9.403053 -3.362064 14.800478
v 9.403053 -3.598681 14.512159
v 9.403053 -3.887001 14.275541
v 9.403053 -4.215941 14.099719
v 9.403053 -4.572864 13.991447
v 6.837906 -5.339002 13.871968
v 6.837906 -4.944049 13.833069
v 6.837906 -5.718776 13.987172
v 6.837906 -6.068778 14.174252
v 6.837906 -6.375557 14.426019
v 6.837906 -6.627325 14.732799
v 6.837906 -6.814405 15.082801
v 6.837906 -6.929607 15.462574
v 6.837906 -6.968507 15.857527
v 6.837906 -6.929607 16.252480
v 6.837906 -6.814405 16.632254
v 6.837906 -6.627325 16.982256
v 6.837906 -6.375557 17.289034
v 6.837906 -6.068777 17.540802
v 6.837906 -5.718777 17.727882
v 6.837906 -5.339001 17.843086
v 6.837906 -4.944049 17.881985
v 6.837906 -4.549098 17.843086
v 6.837906 -4.169323 17.727882
v 6.837906 -3.819321 17.540802
v 6.837906 -3.512542 17.289034
v 6.837906 -3.260774 16.982256
v 6.837906 -3.073694 16.632254
v 6.837906 -2.958491 16.252480
v 6.837906 -2.919591 15.857527
v 6.837906 -2.958491 15.462574
v 6.837906 -3.073695 15.082800
v 6.837906 -3.260774 14.732799
v 6.837906 -3.512541 14.426019
v 6.837906 -3.819321 14.174252
v 6.837906 -4.169323 13.987171
v 6.837906 -4.549098 13.871968
vt 1.000000 0.550808
vt 1.000000 0.940794
vt 0.968750 0.940794
vt 0.968750 0.550808
vt 0.906250 0.550808
vt 0.906250 0.940794
vt 0.875000 0.940795
vt 0.875000 0.550808
vt 0.843750 0.940795
vt 0.843750 0.550808
vt 0.843750 0.550808
vt 0.812500 0.940795
vt 0.812500 0.550808
vt 0.781250 0.940794
vt 0.781250 0.550808
vt 0.750000 0.940794
vt 0.750000 0.550808
vt 0.718750 0.940794
vt 0.718750 0.550808
vt 0.687500 0.940794
vt 0.687500 0.550808
vt 0.656250 0.940794
vt 0.656250 0.550808
vt 0.625000 0.940795
vt 0.625000 0.550808
vt 0.593750 0.940795
vt 0.593750 0.550808
vt 0.593750 0.550808
vt 0.562500 0.940794
vt 0.562500 0.550808
vt 0.531250 0.940794
vt 0.531250 0.550808
vt 0.500000 0.940795
vt 0.500000 0.550808
vt 0.468750 0.940794
vt 0.468750 0.550808
vt 0.437500 0.940794
vt 0.437500 0.550808
vt 0.406250 0.940794
vt 0.406250 0.550808
vt 0.375000 0.940794
vt 0.375000 0.550808
vt 0.343750 0.940794
vt 0.343750 0.550808
vt 0.312500 0.940794
vt 0.312500 0.550808
vt 0.281250 0.940795
vt 0.281250 0.550808
vt 0.250000 0.940794
vt 0.250000 0.550808
vt 0.218750 0.940794
vt 0.218750 0.550808
vt 0.187500 0.940794
vt 0.187500 0.550808
vt 0.156250 0.940794
vt 0.156250 0.550808
vt 0.125000 0.940794
vt 0.125000 0.550808
vt 0.093750 0.940795
vt 0.093750 0.550808
vt 0.062500 0.940794
vt 0.062500 0.550808
vt 0.031250 0.940795
vt 0.031250 0.550808
vt 0.937500 0.940794
vt 0.937500 0.550808
vt 0.906250 0.550808
vt 0.000000 0.940795
vt 0.000000 0.550808
vt 0.996282 1.000000
vt 0.972468 1.000000
vt 0.965032 1.000000
vt 0.941218 1.000000
vt 0.933782 1.000000
vt 0.909968 1.000000
vt 0.902532 1.000000
vt 0.878718 1.000000
vt 0.871282 1.000000
vt 0.847468 1.000000
vt 0.840032 1.000000
vt 0.816218 1.000000
vt 0.808782 1.000000
vt 0.784968 1.000000
vt 0.777532 1.000000
vt 0.753718 1.000000
vt 0.746282 1.000000
vt 0.722468 1.000000
vt 0.715032 1.000000
vt 0.691218 1.000000
vt 0.683782 1.000000
vt 0.659968 1.000000
vt 0.652532 1.000000
vt 0.628718 1.000000
vt 0.621282 1.000000
vt 0.597468 1.000000
vt 0.590032 1.000000
vt 0.566218 1.000000
vt 0.558782 1.000000
vt 0.534968 1.000000
vt 0.527532 1.000000
vt 0.503718 1.000000
vt 0.496282 1.000000
vt 0.472468 1.000000
vt 0.465032 1.000000
vt 0.441218 1.000000
vt 0.433782 1.000000
vt 0.409968 1.000000
vt 0.402532 1.000000
vt 0.378718 1.000000
vt 0.371282 1.000000
vt 0.347468 1.000000
vt 0.340032 1.000000
vt 0.316218 1.000000
vt 0.308782 1.000000
vt 0.284968 1.000000
vt 0.277532 1.000000
vt 0.253718 1.000000
vt 0.246282 1.000000
vt 0.222468 1.000000
vt 0.215032 1.000000
vt 0.191218 1.000000
vt 0.183782 1.000000
vt 0.159968 1.000000
vt 0.152532 1.000000
vt 0.128718 1.000000
vt 0.121282 1.000000
vt 0.097468 1.000000
vt 0.090032 1.000000
vt 0.066218 1.000000
vt 0.058782 1.000000
vt 0.034968 1.000000
vt 0.027532 1.000000
vt 0.003718 1.000000
vt 0.260099 0.300771
vt 0.250000 0.301765
vt 0.239901 0.300771
vt 0.230190 0.297825
vt 0.221241 0.293041
vt 0.213396 0.286604
vt 0.206959 0.278759
vt 0.202175 0.269810
vt 0.199229 0.260099
vt 0.198235 0.250000
vt 0.199229 0.239901
vt 0.202175 0.230190
vt 0.206959 0.221241
vt 0.213396 0.213396
vt 0.221241 0.206959
vt 0.230190 0.202175
vt 0.239901 0.199229
vt 0.250000 0.198235
vt 0.260099 0.199229
vt 0.269810 0.202175
vt 0.278759 0.206959
vt 0.286603 0.213396
vt 0.293041 0.221241
vt 0.297825 0.230190
vt 0.300771 0.239901
vt 0.301765 0.250000
vt 0.300771 0.260099
vt 0.297825 0.269810
vt 0.293041 0.278759
vt 0.286604 0.286604
vt 0.278759 0.293041
vt 0.269810 0.297825
vt 0.971941 0.500000
vt 0.996809 0.500000
vt 0.940691 0.500000
vt 0.965559 0.500000
vt 0.909441 0.500000
vt 0.934309 0.500000
vt 0.878191 0.500000
vt 0.903059 0.500000
vt 0.846941 0.500000
vt 0.871809 0.500000
vt 0.815691 0.500000
vt 0.840559 0.500000
vt 0.784441 0.500000
vt 0.809309 0.500000
vt 0.753191 0.500000
vt 0.778059 0.500000
vt 0.721941 0.500000
vt 0.746809 0.500000
vt 0.690691 0.500000
vt 0.715559 0.500000
vt 0.659441 0.500000
vt 0.684309 0.500000
vt 0.628191 0.500000
vt 0.653059 0.500000
vt 0.596941 0.500000
vt 0.621809 0.500000
vt 0.565691 0.500000
vt 0.590559 0.500000
vt 0.534441 0.500000
vt 0.559309 0.500000
vt 0.503191 0.500000
vt 0.528059 0.500000
vt 0.471941 0.500000
vt 0.496809 0.500000
vt 0.440691 0.500000
vt 0.465559 0.500000
vt 0.409441 0.500000
vt 0.434309 0.500000
vt 0.378191 0.500000
vt 0.403059 0.500000
vt 0.346941 0.500000
vt 0.371809 0.500000
vt 0.315691 0.500000
vt 0.340559 0.500000
vt 0.284441 0.500000
vt 0.309309 0.500000
vt 0.253191 0.500000
vt 0.278059 0.500000
vt 0.221941 0.500000
vt 0.246809 0.500000
vt 0.190691 0.500000
vt 0.215559 0.500000
vt 0.159441 0.500000
vt 0.184309 0.500000
vt 0.128191 0.500000
vt 0.153059 0.500000
vt 0.096941 0.500000
vt 0.121809 0.500000
vt 0.065691 0.500000
vt 0.090559 0.500000
vt 0.034441 0.500000
vt 0.059309 0.500000
vt 0.003191 0.500000
vt 0.028059 0.500000
vt 0.750000 0.309866
vt 0.761679 0.308716
vt 0.772910 0.305309
vt 0.783260 0.299777
vt 0.792332 0.292332
vt 0.799777 0.283260
vt 0.805309 0.272910
vt 0.808716 0.261679
vt 0.809866 0.250000
vt 0.808716 0.238321
vt 0.805309 0.227090
vt 0.799777 0.216740
vt 0.792332 0.207668
vt 0.783260 0.200223
vt 0.772910 0.194691
vt 0.761679 0.191284
vt 0.750000 0.190134
vt 0.738321 0.191284
vt 0.727090 0.194691
vt 0.716740 0.200223
vt 0.707668 0.207668
vt 0.700223 0.216740
vt 0.694691 0.227090
vt 0.691285 0.238321
vt 0.690134 0.250000
vt 0.691285 0.261679
vt 0.694691 0.272910
vt 0.700223 0.283260
vt 0.707668 0.292332
vt 0.716740 0.299777
vt 0.727090 0.305309
vt 0.738321 0.308716
vt 0.250000 0.376518
vt 0.274682 0.374087
vt 0.285680 0.429374
vt 0.250000 0.432888
vt 0.298416 0.366888
vt 0.319988 0.418966
vt 0.320290 0.355196
vt 0.351607 0.402065
vt 0.339462 0.339462
vt 0.379321 0.379321
vt 0.355196 0.320290
vt 0.402066 0.351607
vt 0.366888 0.298416
vt 0.418966 0.319988
vt 0.374087 0.274682
vt 0.429374 0.285680
vt 0.376518 0.250000
vt 0.432888 0.250000
vt 0.374087 0.225318
vt 0.429374 0.214320
vt 0.366888 0.201584
vt 0.418966 0.180012
vt 0.355196 0.179710
vt 0.402066 0.148393
vt 0.339462 0.160538
vt 0.379321 0.120679
vt 0.320290 0.144804
vt 0.351607 0.097934
vt 0.298416 0.133112
vt 0.319988 0.081034
vt 0.274683 0.125913
vt 0.285680 0.070626
vt 0.250000 0.123482
vt 0.250000 0.067112
vt 0.225318 0.125913
vt 0.214320 0.070626
vt 0.201584 0.133112
vt 0.180012 0.081034
vt 0.179710 0.144804
vt 0.148393 0.097934
vt 0.160538 0.160538
vt 0.120679 0.120679
vt 0.144804 0.179710
vt 0.097934 0.148393
vt 0.133112 0.201584
vt 0.081034 0.180012
vt 0.125913 0.225318
vt 0.070626 0.214320
vt 0.123482 0.250000
vt 0.067112 0.250000
vt 0.125913 0.274682
vt 0.070626 0.285680
vt 0.133112 0.298416
vt 0.081034 0.319988
vt 0.144804 0.320290
vt 0.097934 0.351607
vt 0.160538 0.339462
vt 0.120679 0.379321
vt 0.179710 0.355196
vt 0.148393 0.402066
vt 0.201584 0.366888
vt 0.180012 0.418966
vt 0.225318 0.374087
vt 0.214320 0.429374
vt 0.776263 0.382032
vt 0.750000 0.384619
vt 0.750000 0.440988
vt 0.787260 0.437319
vt 0.801517 0.374372
vt 0.823088 0.426450
vt 0.824790 0.361932
vt 0.856108 0.408801
vt 0.845190 0.345190
vt 0.885049 0.385049
vt 0.861932 0.324790
vt 0.908801 0.356107
vt 0.874372 0.301516
vt 0.926450 0.323088
vt 0.882032 0.276263
vt 0.937319 0.287260
vt 0.884619 0.250000
vt 0.940988 0.250000
vt 0.882032 0.223737
vt 0.937319 0.212740
vt 0.874372 0.198484
vt 0.926450 0.176912
vt 0.861932 0.175210
vt 0.908801 0.143893
vt 0.845190 0.154810
vt 0.885049 0.114951
vt 0.824790 0.138068
vt 0.856108 0.091199
vt 0.801517 0.125628
vt 0.823088 0.073550
vt 0.776263 0.117968
vt 0.787260 0.062681
vt 0.750000 0.115381
vt 0.750000 0.059012
vt 0.723737 0.117968
vt 0.712740 0.062681
vt 0.698484 0.125628
vt 0.676912 0.073550
vt 0.675210 0.138068
vt 0.643893 0.091199
vt 0.654810 0.154810
vt 0.614951 0.114951
vt 0.638069 0.175210
vt 0.591199 0.143893
vt 0.625628 0.198484
vt 0.573550 0.176912
vt 0.617968 0.223737
vt 0.562681 0.212740
vt 0.615381 0.250000
vt 0.559012 0.250000
vt 0.617968 0.276263
vt 0.562681 0.287260
vt 0.625628 0.301516
vt 0.573550 0.323088
vt 0.638068 0.324790
vt 0.591199 0.356107
vt 0.654810 0.345190
vt 0.614951 0.385049
vt 0.675210 0.361932
vt 0.643893 0.408801
vt 0.698484 0.374372
vt 0.676912 0.426450
vt 0.723737 0.382032
vt 0.712740 0.437319
vn 0.0000 -0.0980 -0.9952
vn 0.0000 -0.6344 -0.7730
vn 0.0000 -0.7730 -0.6344
vn 0.0000 -0.8819 -0.4714
vn 0.0000 -0.9569 -0.2903
vn 0.0000 -0.9952 -0.0980
vn 0.0000 -0.9952 0.0980
vn 0.0000 -0.9569 0.2903
vn 0.0000 -0.8819 0.4714
vn 0.0000 -0.7730 0.6344
vn 0.0000 -0.6344 0.7730
vn 0.0000 -0.4714 0.8819
vn 0.0000 -0.2903 0.9569
vn -0.0000 -0.0980 0.9952
vn -0.0000 0.0980 0.9952
vn -0.0000 0.2903 0.9569
vn -0.0000 0.4714 0.8819
vn 0.0000 0.6344 0.7730
vn 0.0000 0.7730 0.6344
vn 0.0000 0.8819 0.4714
vn 0.0000 0.9569 0.2903
vn 0.0000 0.9952 0.0980
vn 0.0000 0.9952 -0.0980
vn 0.0000 0.9569 -0.2903
vn 0.0000 0.8819 -0.4714
vn 0.0000 0.7730 -0.6344
vn 0.0000 0.6344 -0.7730
vn 0.0000 0.4714 -0.8819
vn 0.0000 0.2903 -0.9569
vn 0.0000 -0.2903 -0.9569
vn 0.0000 -0.4714 -0.8819
vn 0.0000 0.0980 -0.9952
vn 0.9423 -0.0328 -0.3332
vn 0.9423 -0.0972 -0.3204
vn 0.9423 -0.1578 -0.2953
vn 0.9423 -0.2124 -0.2588
vn 0.9423 -0.2588 -0.2124
vn 0.9423 -0.2953 -0.1578
vn 0.9423 -0.3204 -0.0972
vn 0.9423 -0.3332 -0.0328
vn 0.9423 -0.3332 0.0328
vn 0.9423 -0.3204 0.0972
vn 0.9423 -0.2953 0.1578
vn 0.9423 -0.2588 0.2124
vn 0.9423 -0.2124 0.2588
vn 0.9423 -0.1578 0.2953
vn 0.9423 -0.0972 0.3204
vn 0.9423 -0.0328 0.3332
vn 0.9423 0.0328 0.3332
vn 0.9423 0.0972 0.3204
vn 0.9423 0.1578 0.2953
vn 0.9423 0.2124 0.2588
vn 0.9423 0.2588 0.2124
vn 0.9423 0.2953 0.1578
vn 0.9423 0.3204 0.0972
vn 0.9423 0.3332 0.0328
vn 0.9423 0.3332 -0.0328
vn 0.9423 0.3204 -0.0972
vn 0.9423 0.2953 -0.1578
vn 0.9423 0.2588 -0.2124
vn 0.9423 0.2124 -0.2588
vn 0.9423 0.1578 -0.2953
vn 0.9423 0.0972 -0.3204
vn 0.9423 0.0328 -0.3332
vn 1.0000 -0.0000 0.0000
vn -0.9423 -0.0328 -0.3332
vn -0.9423 -0.0972 -0.3204
vn -0.9423 -0.1578 -0.2953
vn -0.9423 -0.2124 -0.2588
vn -0.9423 -0.2588 -0.2124
vn -0.9423 -0.2953 -0.1578
vn -0.9423 -0.3204 -0.0972
vn -0.9423 -0.3332 -0.0328
vn -0.9423 -0.3332 0.0328
vn -0.9423 -0.3204 0.0972
vn -0.9423 -0.2953 0.1578
vn -0.9423 -0.2588 0.2124
vn -0.9423 -0.2124 0.2588
vn -0.9423 -0.1578 0.2953
vn -0.9423 -0.0972 0.3204
vn -0.9423 -0.0328 0.3332
vn -0.9423 0.0328 0.3332
vn -0.9423 0.0972 0.3204
vn -0.9423 0.1578 0.2953
vn -0.9423 0.2124 0.2588
vn -0.9423 0.2588 0.2124
vn -0.9423 0.2953 0.1578
vn -0.9423 0.3204 0.0972
vn -0.9423 0.3332 0.0328
vn -0.9423 0.3332 -0.0328
vn -0.9423 0.3204 -0.0972
vn -0.9423 0.2953 -0.1578
vn -0.9423 0.2588 -0.2124
vn -0.9423 0.2124 -0.2588
vn -0.9423 0.1578 -0.2953
vn -0.9423 0.0972 -0.3204
vn -0.9423 0.0328 -0.3332
vn -1.0000 0.0000 0.0000
vn 0.0472 -0.7721 -0.6337
vn 0.0472 -0.8809 -0.4709
vn -0.0000 0.1951 -0.9808
vn -0.0000 0.1951 0.9808
vn 0.0474 0.9989 0.0000
vn -0.0000 -0.5556 -0.8315
vn -0.0000 -1.0000 0.0000
vn -0.0000 0.9239 -0.3827
vn 0.0000 -0.7071 0.7071
vn 0.0000 -0.7071 -0.7071
vn 0.0000 0.8315 0.5556
vn 0.0000 -0.5556 0.8315
vn 0.0478 0.6337 0.7721
vn -0.0000 0.9239 0.3827
vn 0.0472 -0.9559 -0.2900
vn 0.0472 -0.9559 0.2900
vn 0.0472 -0.8809 0.4709
vn 0.0472 -0.7721 0.6337
vn 0.0472 -0.4709 0.8809
vn 0.0472 -0.2900 0.9559
vn 0.0472 -0.0979 0.9941
vn -0.0472 -0.4709 -0.8809
vn -0.0472 -0.6337 -0.7721
vn -0.0472 -0.7721 -0.6337
vn -0.0472 -0.9941 -0.0979
vn -0.0472 -0.9941 0.0979
vn 0.0472 0.4709 -0.8809
vn 0.0472 0.6337 -0.7721
vn 0.0472 0.7721 -0.6337
vn 0.0472 -0.2900 -0.9559
vn 0.0472 -0.0979 -0.9941
vn -0.0472 0.0979 0.9941
vn -0.0472 0.2900 0.9559
vn -0.0472 0.7721 0.6337
vn -0.0472 0.8809 0.4709
vn -0.0472 0.9559 0.2900
vn -0.0472 0.9559 -0.2900
vn -0.0472 0.8809 -0.4709
vn -0.0472 0.7721 -0.6337
vn -0.0472 0.4709 -0.8809
vn -0.0472 0.2900 -0.9559
vn -0.0472 0.0979 -0.9941
vn -0.0472 -0.7721 0.6337
vn -0.0472 -0.6337 0.7721
vn -0.0472 -0.4709 0.8809
usemtl None
s off
f 496/614/235 432/615/235 434/616/235 497/617/235
f 501/618/236 438/619/236 440/620/236 503/621/236
f 503/621/237 440/620/237 442/622/237 505/623/237
f 505/624/238 442/622/238 444/625/238 507/626/238
f 507/626/239 444/625/239 446/627/239 509/628/239
f 509/628/240 446/627/240 448/629/240 511/630/240
f 511/630/241 448/629/241 450/631/241 513/632/241
f 513/632/242 450/631/242 452/633/242 515/634/242
f 515/634/243 452/633/243 454/635/243 517/636/243
f 517/636/244 454/635/244 456/637/244 519/638/244
f 519/638/245 456/637/245 458/639/245 521/640/245
f 521/641/246 458/639/246 460/642/246 523/643/246
f 523/643/247 460/642/247 462/644/247 525/645/247
f 525/645/248 462/644/248 464/646/248 527/647/248
f 527/647/249 464/646/249 466/648/249 529/649/249
f 529/649/250 466/648/250 468/650/250 531/651/250
f 531/651/251 468/650/251 470/652/251 533/653/251
f 533/653/252 470/652/252 472/654/252 535/655/252
f 535/655/253 472/654/253 474/656/253 537/657/253
f 537/657/254 474/656/254 476/658/254 539/659/254
f 539/659/255 476/658/255 478/660/255 541/661/255
f 541/661/256 478/660/256 480/662/256 543/663/256
f 543/663/257 480/662/257 482/664/257 545/665/257
f 545/665/258 482/664/258 484/666/258 547/667/258
f 547/667/259 484/666/259 486/668/259 549/669/259
f 549/669/260 486/668/260 488/670/260 551/671/260
f 551/671/261 488/670/261 490/672/261 553/673/261
f 553/673/262 490/672/262 492/674/262 555/675/262
f 555/675/263 492/674/263 494/676/263 557/677/263
f 497/617/264 434/616/264 436/678/264 499/679/264
f 499/679/265 436/678/265 438/619/265 501/680/265
f 557/677/266 494/676/266 432/681/266 496/682/266
f 434/616/267 432/615/267 559/683/267 560/684/267
f 436/678/268 434/616/268 560/685/268 561/686/268
f 438/619/269 436/678/269 561/687/269 562/688/269
f 440/620/270 438/619/270 562/689/270 563/690/270
f 442/622/271 440/620/271 563/691/271 564/692/271
f 444/625/272 442/622/272 564/693/272 565/694/272
f 446/627/273 444/625/273 565/695/273 566/696/273
f 448/629/274 446/627/274 566/697/274 567/698/274
f 450/631/275 448/629/275 567/699/275 568/700/275
f 452/633/276 450/631/276 568/701/276 569/702/276
f 454/635/277 452/633/277 569/703/277 570/704/277
f 456/637/278 454/635/278 570/705/278 571/706/278
f 458/639/279 456/637/279 571/707/279 572/708/279
f 460/642/280 458/639/280 572/709/280 573/710/280
f 462/644/281 460/642/281 573/711/281 574/712/281
f 464/646/282 462/644/282 574/713/282 575/714/282
f 466/648/283 464/646/283 575/715/283 576/716/283
f 468/650/284 466/648/284 576/717/284 577/718/284
f 470/652/285 468/650/285 577/719/285 578/720/285
f 472/654/286 470/652/286 578/721/286 579/722/286
f 474/656/287 472/654/287 579/723/287 580/724/287
f 476/658/288 474/656/288 580/725/288 581/726/288
f 478/660/289 476/658/289 581/727/289 582/728/289
f 480/662/290 478/660/290 582/729/290 583/730/290
f 482/664/291 480/662/291 583/731/291 584/732/291
f 484/666/292 482/664/292 584/733/292 585/734/292
f 486/668/293 484/666/293 585/735/293 586/736/293
f 488/670/294 486/668/294 586/737/294 587/738/294
f 490/672/295 488/670/295 587/739/295 588/740/295
f 492/674/296 490/672/296 588/741/296 589/742/296
f 494/676/297 492/674/297 589/743/297 590/744/297
f 432/681/298 494/676/298 590/745/298 559/746/298
f 433/747/299 431/748/299 493/749/299 491/750/299 489/751/299 487/752/299 485/753/299 483/754/299 481/755/299 479/756/299 477/757/299 475/758/299 473/759/299 471/760/299 469/761/299 467/762/299 465/763/299 463/764/299 461/765/299 459/766/299 457/767/299 455/768/299 453/769/299 451/770/299 449/771/299 447/772/299 445/773/299 443/774/299 441/775/299 439/776/299 437/777/299 435/778/299
f 496/614/300 497/617/300 591/779/300 592/780/300
f 497/617/301 499/679/301 593/781/301 591/782/301
f 499/679/302 501/680/302 594/783/302 593/784/302
f 501/618/303 503/621/303 595/785/303 594/786/303
f 503/621/304 505/623/304 596/787/304 595/788/304
f 505/624/305 507/626/305 597/789/305 596/790/305
f 507/626/306 509/628/306 598/791/306 597/792/306
f 509/628/307 511/630/307 599/793/307 598/794/307
f 511/630/308 513/632/308 600/795/308 599/796/308
f 513/632/309 515/634/309 601/797/309 600/798/309
f 515/634/310 517/636/310 602/799/310 601/800/310
f 517/636/311 519/638/311 603/801/311 602/802/311
f 519/638/312 521/640/312 604/803/312 603/804/312
f 521/641/313 523/643/313 605/805/313 604/806/313
f 523/643/314 525/645/314 606/807/314 605/808/314
f 525/645/315 527/647/315 607/809/315 606/810/315
f 527/647/316 529/649/316 608/811/316 607/812/316
f 529/649/317 531/651/317 609/813/317 608/814/317
f 531/651/318 533/653/318 610/815/318 609/816/318
f 533/653/319 535/655/319 611/817/319 610/818/319
f 535/655/320 537/657/320 612/819/320 611/820/320
f 537/657/321 539/659/321 613/821/321 612/822/321
f 539/659/322 541/661/322 614/823/322 613/824/322
f 541/661/323 543/663/323 615/825/323 614/826/323
f 543/663/324 545/665/324 616/827/324 615/828/324
f 545/665/325 547/667/325 617/829/325 616/830/325
f 547/667/326 549/669/326 618/831/326 617/832/326
f 549/669/327 551/671/327 619/833/327 618/834/327
f 551/671/328 553/673/328 620/835/328 619/836/328
f 553/673/329 555/675/329 621/837/329 620/838/329
f 555/675/330 557/677/330 622/839/330 621/840/330
f 557/677/331 496/682/331 592/841/331 622/842/331
f 495/843/332 498/844/332 500/845/332 502/846/332 504/847/332 506/848/332 508/849/332 510/850/332 512/851/332 514/852/332 516/853/332 518/854/332 520/855/332 522/856/332 524/857/332 526/858/332 528/859/332 530/860/332 532/861/332 534/862/332 536/863/332 538/864/332 540/865/332 542/866/332 544/867/332 546/868/332 548/869/332 550/870/332 552/871/332 554/872/332 556/873/332 558/874/332
f 623/875/299 624/876/299 560/877/299 559/878/299
f 624/876/299 625/879/299 561/880/299 560/877/299
f 625/879/299 626/881/299 562/882/299 561/880/299
f 626/881/299 627/883/299 563/884/299 562/882/299
f 627/883/299 628/885/299 564/886/299 563/884/299
f 628/885/299 629/887/299 565/888/299 564/886/299
f 629/887/299 630/889/299 566/890/299 565/888/299
f 630/889/299 631/891/299 567/892/299 566/890/299
f 631/891/299 632/893/299 568/894/299 567/892/299
f 632/893/299 633/895/299 569/896/299 568/894/299
f 633/895/299 634/897/299 570/898/299 569/896/299
f 634/897/299 635/899/299 571/900/299 570/898/299
f 635/899/299 636/901/299 572/902/299 571/900/299
f 636/901/299 637/903/299 573/904/299 572/902/299
f 637/903/299 638/905/299 574/906/299 573/904/299
f 638/905/299 639/907/299 575/908/299 574/906/299
f 639/907/299 640/909/299 576/910/299 575/908/299
f 640/909/299 641/911/299 577/912/299 576/910/299
f 641/911/299 642/913/299 578/914/299 577/912/299
f 642/913/299 643/915/299 579/916/299 578/914/299
f 643/915/299 644/917/299 580/918/299 579/916/299
f 644/917/299 645/919/299 581/920/299 580/918/299
f 645/919/299 646/921/299 582/922/299 581/920/299
f 646/921/299 647/923/299 583/924/299 582/922/299
f 647/923/299 648/925/299 584/926/299 583/924/299
f 648/925/299 649/927/299 585/928/299 584/926/299
f 649/927/299 650/929/299 586/930/299 585/928/299
f 650/929/299 651/931/299 587/932/299 586/930/299
f 651/931/299 652/933/299 588/934/299 587/932/299
f 652/933/299 653/935/299 589/936/299 588/934/299
f 653/935/299 654/937/299 590/938/299 589/936/299
f 654/937/299 623/875/299 559/878/299 590/938/299
f 655/939/332 656/940/332 592/941/332 591/942/332
f 657/943/332 655/939/332 591/942/332 593/944/332
f 658/945/332 657/943/332 593/944/332 594/946/332
f 659/947/332 658/945/332 594/946/332 595/948/332
f 660/949/332 659/947/332 595/948/332 596/950/332
f 661/951/332 660/949/332 596/950/332 597/952/332
f 662/953/332 661/951/332 597/952/332 598/954/332
f 663/955/332 662/953/332 598/954/332 599/956/332
f 664/957/332 663/955/332 599/956/332 600/958/332
f 665/959/332 664/957/332 600/958/332 601/960/332
f 666/961/332 665/959/332 601/960/332 602/962/332
f 667/963/332 666/961/332 602/962/332 603/964/332
f 668/965/332 667/963/332 603/964/332 604/966/332
f 669/967/332 668/965/332 604/966/332 605/968/332
f 670/969/332 669/967/332 605/968/332 606/970/332
f 671/971/332 670/969/332 606/970/332 607/972/332
f 672/973/332 671/971/332 607/972/332 608/974/332
f 673/975/332 672/973/332 608/974/332 609/976/332
f 674/977/332 673/975/332 609/976/332 610/978/332
f 675/979/332 674/977/332 610/978/332 611/980/332
f 676/981/332 675/979/332 611/980/332 612/982/332
f 677/983/332 676/981/332 612/982/332 613/984/332
f 678/985/332 677/983/332 613/984/332 614/986/332
f 679/987/332 678/985/332 614/986/332 615/988/332
f 680/989/332 679/987/332 615/988/332 616/990/332
f 681/991/332 680/989/332 616/990/332 617/992/332
f 682/993/332 681/991/332 617/992/332 618/994/332
f 683/995/332 682/993/332 618/994/332 619/996/332
f 684/997/332 683/995/332 619/996/332 620/998/332
f 685/999/332 684/997/332 620/998/332 621/1000/332
f 686/1001/332 685/999/332 621/1000/332 622/1002/332
f 656/940/332 686/1001/332 622/1002/332 592/941/332
f 439/776/333 441/775/333 506/848/333 504/847/333
f 441/775/334 443/774/334 508/849/334 506/848/334
f 435/778/299 437/777/299 626/881/299 625/879/299
f 437/777/299 439/776/299 627/883/299 626/881/299
f 542/866/335 678/985/335 646/921/335 477/757/335
f 680/989/336 546/868/336 481/755/336 648/925/336
f 477/757/337 479/756/337 481/755/337 546/868/337 544/867/337 542/866/337
f 445/773/299 447/772/299 631/891/299 630/889/299
f 447/772/299 449/771/299 632/893/299 631/891/299
f 455/768/299 457/767/299 636/901/299 635/899/299
f 485/753/338 550/870/338 682/993/338 650/929/338
f 623/875/339 431/748/339 495/843/339 656/940/339
f 435/778/340 625/879/340 657/943/340 500/845/340
f 463/764/299 465/763/299 640/909/299 639/907/299
f 465/763/299 467/762/299 641/911/299 640/909/299
f 439/776/341 504/847/341 659/947/341 627/883/341
f 445/773/335 630/889/335 662/953/335 510/850/335
f 449/771/336 514/852/336 664/957/336 632/893/336
f 473/759/299 475/758/299 645/919/299 644/917/299
f 475/758/299 477/757/299 646/921/299 645/919/299
f 455/768/342 635/899/342 667/963/342 520/855/342
f 457/767/343 522/856/343 668/965/343 636/901/343
f 481/755/299 483/754/299 649/927/299 648/925/299
f 483/754/299 485/753/299 650/929/299 649/927/299
f 671/971/339 528/859/339 463/764/339 639/907/339
f 467/762/340 532/861/340 673/975/340 641/911/340
f 538/864/344 473/759/344 644/917/344 676/981/344
f 491/750/299 493/749/299 654/937/299 653/935/299
f 493/749/299 431/748/299 623/875/299 654/937/299
f 502/846/332 500/845/332 657/943/332 658/945/332
f 504/847/332 502/846/332 658/945/332 659/947/332
f 512/851/332 510/850/332 662/953/332 663/955/332
f 514/852/332 512/851/332 663/955/332 664/957/332
f 522/856/332 520/855/332 667/963/332 668/965/332
f 530/860/332 528/859/332 671/971/332 672/973/332
f 532/861/332 530/860/332 672/973/332 673/975/332
f 540/865/332 538/864/332 676/981/332 677/983/332
f 542/866/332 540/865/332 677/983/332 678/985/332
f 548/869/332 546/868/332 680/989/332 681/991/332
f 550/870/332 548/869/332 681/991/332 682/993/332
f 532/861/345 467/762/345 469/761/345 471/760/345 473/759/345 538/864/345 536/863/345 534/862/345
f 491/750/346 653/935/346 685/999/346 556/873/346
f 558/874/332 556/873/332 685/999/332 686/1001/332
f 495/843/332 558/874/332 686/1001/332 656/940/332
f 443/774/347 445/773/347 510/850/347 508/849/347
f 449/771/348 451/770/348 516/853/348 514/852/348
f 451/770/349 453/769/349 518/854/349 516/853/349
f 453/769/350 455/768/350 520/855/350 518/854/350
f 457/767/351 459/766/351 524/857/351 522/856/351
f 459/766/352 461/765/352 526/858/352 524/857/352
f 461/765/353 463/764/353 528/859/353 526/858/353
f 532/861/354 534/862/354 469/761/354 467/762/354
f 534/862/355 536/863/355 471/760/355 469/761/355
f 536/863/356 538/864/356 473/759/356 471/760/356
f 542/866/357 544/867/357 479/756/357 477/757/357
f 544/867/358 546/868/358 481/755/358 479/756/358
f 489/751/359 491/750/359 556/873/359 554/872/359
f 487/752/360 489/751/360 554/872/360 552/871/360
f 485/753/361 487/752/361 552/871/361 550/870/361
f 433/747/362 435/778/362 500/845/362 498/844/362
f 431/748/363 433/747/363 498/844/363 495/843/363
f 623/875/364 656/940/364 655/939/364 624/876/364
f 624/876/365 655/939/365 657/943/365 625/879/365
f 627/883/366 659/947/366 660/949/366 628/885/366
f 628/885/367 660/949/367 661/951/367 629/887/367
f 629/887/368 661/951/368 662/953/368 630/889/368
f 632/893/369 664/957/369 665/959/369 633/895/369
f 633/895/370 665/959/370 666/961/370 634/897/370
f 634/897/371 666/961/371 667/963/371 635/899/371
f 636/901/372 668/965/372 669/967/372 637/903/372
f 637/903/373 669/967/373 670/969/373 638/905/373
f 638/905/374 670/969/374 671/971/374 639/907/374
f 641/911/354 673/975/354 674/977/354 642/913/354
f 642/913/355 674/977/355 675/979/355 643/915/355
f 643/915/356 675/979/356 676/981/356 644/917/356
f 646/921/357 678/985/357 679/987/357 647/923/357
f 647/923/358 679/987/358 680/989/358 648/925/358
f 650/929/375 682/993/375 683/995/375 651/931/375
f 651/931/376 683/995/376 684/997/376 652/933/376
f 652/933/377 684/997/377 685/999/377 653/935/377
o roda3_Cylinder.002
v 9.403053 -4.944049 -14.047348
v 9.099312 -4.944049 -16.878105
v 9.403053 -5.095920 -14.032390
v 9.099312 -5.648174 -16.808754
v 9.403053 -5.241957 -13.988090
v 9.099312 -6.325240 -16.603369
v 9.403053 -5.376544 -13.916151
v 9.099312 -6.949227 -16.269840
v 9.403053 -5.494510 -13.819340
v 9.099312 -7.496157 -15.820987
v 9.403053 -5.591322 -13.701374
v 9.099312 -7.945010 -15.274057
v 9.403053 -5.663260 -13.566786
v 9.099312 -8.278539 -14.650069
v 9.403053 -5.707560 -13.420751
v 9.099312 -8.483925 -13.973004
v 9.403053 -5.722518 -13.268879
v 9.099312 -8.553274 -13.268879
v 9.403053 -5.707560 -13.117008
v 9.099312 -8.483925 -12.564754
v 9.403053 -5.663260 -12.970972
v 9.099312 -8.278539 -11.887689
v 9.403053 -5.591322 -12.836385
v 9.099312 -7.945011 -11.263700
v 9.403053 -5.494509 -12.718418
v 9.099312 -7.496157 -10.716771
v 9.403053 -5.376542 -12.621605
v 9.099312 -6.949227 -10.267918
v 9.403053 -5.241957 -12.549667
v 9.099312 -6.325240 -9.934389
v 9.403053 -5.095921 -12.505368
v 9.099312 -5.648174 -9.729004
v 9.403053 -4.944049 -12.490410
v 9.099312 -4.944049 -9.659654
v 9.403053 -4.792178 -12.505368
v 9.099312 -4.239924 -9.729004
v 9.403053 -4.646142 -12.549668
v 9.099312 -3.562859 -9.934389
v 9.403053 -4.511555 -12.621606
v 9.099312 -2.938871 -10.267918
v 9.403053 -4.393589 -12.718418
v 9.099312 -2.391942 -10.716771
v 9.403053 -4.296776 -12.836385
v 9.099312 -1.943089 -11.263700
v 9.403053 -4.224838 -12.970971
v 9.099312 -1.609560 -11.887688
v 9.403053 -4.180539 -13.117008
v 9.099312 -1.404174 -12.564754
v 9.403053 -4.165581 -13.268879
v 9.099311 -1.334824 -13.268879
v 9.403053 -4.180539 -13.420750
v 9.099312 -1.404174 -13.973004
v 9.403053 -4.224838 -13.566786
v 9.099312 -1.609560 -14.650070
v 9.403053 -4.296776 -13.701373
v 9.099312 -1.943088 -15.274056
v 9.403053 -4.393589 -13.819339
v 9.099312 -2.391941 -15.820986
v 9.403053 -4.511555 -13.916152
v 9.099312 -2.938871 -16.269840
v 9.403053 -4.646142 -13.988091
v 9.099312 -3.562859 -16.603369
v 9.403053 -4.792178 -14.032390
v 9.099312 -4.239924 -16.808754
v 6.837906 -4.944048 -14.169168
v 7.098566 -4.944049 -16.878105
v 7.098566 -5.648174 -16.808754
v 6.837906 -5.119687 -14.151869
v 7.098566 -6.325240 -16.603369
v 6.837906 -5.288576 -14.100637
v 7.098566 -6.949227 -16.269840
v 6.837906 -5.444223 -14.017442
v 7.098566 -7.496157 -15.820987
v 6.837906 -5.580650 -13.905479
v 7.098566 -7.945010 -15.274057
v 6.837906 -5.692613 -13.769053
v 7.098566 -8.278539 -14.650069
v 6.837906 -5.775808 -13.613404
v 7.098566 -8.483925 -13.973004
v 6.837906 -5.827039 -13.444518
v 7.098566 -8.553274 -13.268879
v 6.837906 -5.844338 -13.268879
v 7.098566 -8.483925 -12.564754
v 6.837906 -5.827039 -13.093240
v 7.098566 -8.278539 -11.887689
v 6.837906 -5.775808 -12.924354
v 7.098566 -7.945011 -11.263700
v 6.837906 -5.692613 -12.768705
v 7.098566 -7.496157 -10.716771
v 6.837906 -5.580650 -12.632278
v 7.098566 -6.949227 -10.267918
v 6.837906 -5.444222 -12.520315
v 7.098566 -6.325240 -9.934389
v 6.837906 -5.288576 -12.437120
v 7.098566 -5.648174 -9.729004
v 6.837906 -5.119687 -12.385889
v 7.098566 -4.944049 -9.659654
v 6.837906 -4.944049 -12.368589
v 7.098566 -4.239925 -9.729004
v 6.837906 -4.768413 -12.385888
v 7.098566 -3.562859 -9.934389
v 6.837906 -4.599524 -12.437120
v 7.098566 -2.938871 -10.267918
v 6.837906 -4.443876 -12.520316
v 7.098566 -2.391942 -10.716771
v 6.837906 -4.307449 -12.632278
v 7.098566 -1.943089 -11.263700
v 6.837906 -4.195487 -12.768705
v 7.098566 -1.609560 -11.887688
v 6.837906 -4.112291 -12.924353
v 7.098566 -1.404174 -12.564754
v 6.837906 -4.061059 -13.093241
v 7.098566 -1.334824 -13.268879
v 6.837906 -4.043760 -13.268879
v 7.098566 -1.404174 -13.973004
v 6.837906 -4.061059 -13.444517
v 7.098566 -1.609560 -14.650070
v 6.837906 -4.112291 -13.613405
v 7.098566 -1.943088 -15.274056
v 6.837906 -4.195486 -13.769053
v 7.098566 -2.391941 -15.820986
v 6.837906 -4.307449 -13.905479
v 7.098566 -2.938871 -16.269840
v 6.837906 -4.443875 -14.017442
v 7.098566 -3.562859 -16.603369
v 6.837906 -4.599524 -14.100637
v 7.098566 -4.239925 -16.808754
v 6.837906 -4.768412 -14.151870
v 9.403053 -4.944049 -16.019224
v 9.403053 -5.480614 -15.966377
v 9.403053 -5.996561 -15.809866
v 9.403053 -6.472060 -15.555707
v 9.403053 -6.888837 -15.213667
v 9.403053 -7.230878 -14.796889
v 9.403053 -7.485037 -14.321390
v 9.403053 -7.641548 -13.805445
v 9.403053 -7.694395 -13.268879
v 9.403053 -7.641548 -12.732314
v 9.403053 -7.485037 -12.216368
v 9.403053 -7.230878 -11.740869
v 9.403053 -6.888837 -11.324091
v 9.403053 -6.472059 -10.982050
v 9.403053 -5.996562 -10.727891
v 9.403053 -5.480616 -10.571381
v 9.403053 -4.944049 -10.518534
v 9.403053 -4.407483 -10.571381
v 9.403053 -3.891537 -10.727891
v 9.403053 -3.416039 -10.982050
v 9.403053 -2.999261 -11.324091
v 9.403053 -2.657221 -11.740869
v 9.403053 -2.403062 -12.216367
v 9.403053 -2.246551 -12.732314
v 9.403053 -2.193704 -13.268879
v 9.403053 -2.246551 -13.805445
v 9.403053 -2.403062 -14.321390
v 9.403053 -2.657221 -14.796888
v 9.403053 -2.999261 -15.213667
v 9.403053 -3.416039 -15.555708
v 9.403053 -3.891538 -15.809867
v 9.403053 -4.407484 -15.966377
v 6.837906 -5.504382 -16.085857
v 6.837906 -4.944049 -16.141045
v 6.837906 -6.043180 -15.922414
v 6.837906 -6.539739 -15.656998
v 6.837906 -6.974977 -15.299807
v 6.837906 -7.332168 -14.864569
v 6.837906 -7.597585 -14.368009
v 6.837906 -7.761027 -13.829211
v 6.837906 -7.816215 -13.268879
v 6.837906 -7.761027 -12.708547
v 6.837906 -7.597585 -12.169749
v 6.837906 -7.332168 -11.673189
v 6.837906 -6.974977 -11.237951
v 6.837906 -6.539738 -10.880759
v 6.837906 -6.043180 -10.615343
v 6.837906 -5.504380 -10.451900
v 6.837906 -4.944049 -10.396713
v 6.837906 -4.383719 -10.451900
v 6.837906 -3.844919 -10.615343
v 6.837906 -3.348360 -10.880760
v 6.837906 -2.913121 -11.237951
v 6.837905 -2.555931 -11.673189
v 6.837905 -2.290514 -12.169748
v 6.837905 -2.127072 -12.708547
v 6.837905 -2.071883 -13.268879
v 6.837905 -2.127072 -13.829211
v 6.837905 -2.290514 -14.368010
v 6.837905 -2.555930 -14.864568
v 6.837906 -2.913121 -15.299807
v 6.837906 -3.348360 -15.656998
v 6.837906 -3.844919 -15.922415
v 6.837906 -4.383718 -16.085857
v 9.403053 -4.944049 -15.171516
v 9.403053 -5.315234 -15.134958
v 9.403053 -5.672157 -15.026687
v 9.403053 -6.001099 -14.850863
v 9.403053 -6.289417 -14.614246
v 9.403053 -6.526034 -14.325928
v 9.403053 -6.701857 -13.996986
v 9.403053 -6.810128 -13.640065
v 9.403053 -6.846687 -13.268879
v 9.403053 -6.810128 -12.897694
v 9.403053 -6.701857 -12.540771
v 9.403053 -6.526034 -12.211830
v 9.403053 -6.289417 -11.923512
v 9.403053 -6.001097 -11.686893
v 9.403053 -5.672158 -11.511071
v 9.403053 -5.315236 -11.402800
v 9.403053 -4.944049 -11.366241
v 9.403053 -4.572863 -11.402800
v 9.403053 -4.215941 -11.511071
v 9.403053 -3.887001 -11.686893
v 9.403053 -3.598681 -11.923512
v 9.403053 -3.362064 -12.211830
v 9.403053 -3.186242 -12.540771
v 9.403053 -3.077971 -12.897694
v 9.403053 -3.041412 -13.268879
v 9.403053 -3.077971 -13.640065
v 9.403053 -3.186242 -13.996986
v 9.403053 -3.362064 -14.325928
v 9.403053 -3.598681 -14.614246
v 9.403053 -3.887001 -14.850864
v 9.403053 -4.215941 -15.026687
v 9.403053 -4.572864 -15.134958
v 6.837906 -5.339002 -15.254437
v 6.837906 -4.944049 -15.293337
v 6.837906 -5.718776 -15.139234
v 6.837906 -6.068778 -14.952154
v 6.837906 -6.375557 -14.700387
v 6.837906 -6.627325 -14.393607
v 6.837906 -6.814405 -14.043605
v 6.837906 -6.929607 -13.663832
v 6.837906 -6.968507 -13.268879
v 6.837906 -6.929607 -12.873926
v 6.837906 -6.814405 -12.494153
v 6.837906 -6.627325 -12.144150
v 6.837906 -6.375557 -11.837371
v 6.837906 -6.068777 -11.585603
v 6.837906 -5.718777 -11.398523
v 6.837906 -5.339001 -11.283320
v 6.837906 -4.944049 -11.244421
v 6.837906 -4.549098 -11.283320
v 6.837906 -4.169323 -11.398523
v 6.837906 -3.819321 -11.585604
v 6.837906 -3.512542 -11.837371
v 6.837906 -3.260774 -12.144151
v 6.837906 -3.073694 -12.494152
v 6.837906 -2.958491 -12.873926
v 6.837906 -2.919591 -13.268879
v 6.837906 -2.958491 -13.663832
v 6.837906 -3.073695 -14.043606
v 6.837906 -3.260774 -14.393607
v 6.837906 -3.512541 -14.700387
v 6.837906 -3.819321 -14.952154
v 6.837906 -4.169323 -15.139235
v 6.837906 -4.549098 -15.254437
vt 1.000000 0.550808
vt 1.000000 0.940794
vt 0.968750 0.940794
vt 0.968750 0.550808
vt 0.906250 0.550808
vt 0.906250 0.940794
vt 0.875000 0.940795
vt 0.875000 0.550808
vt 0.843750 0.940795
vt 0.843750 0.550808
vt 0.843750 0.550808
vt 0.812500 0.940795
vt 0.812500 0.550808
vt 0.781250 0.940794
vt 0.781250 0.550808
vt 0.750000 0.940794
vt 0.750000 0.550808
vt 0.718750 0.940794
vt 0.718750 0.550808
vt 0.687500 0.940794
vt 0.687500 0.550808
vt 0.656250 0.940794
vt 0.656250 0.550808
vt 0.625000 0.940795
vt 0.625000 0.550808
vt 0.593750 0.940795
vt 0.593750 0.550808
vt 0.593750 0.550808
vt 0.562500 0.940794
vt 0.562500 0.550808
vt 0.531250 0.940794
vt 0.531250 0.550808
vt 0.500000 0.940795
vt 0.500000 0.550808
vt 0.468750 0.940794
vt 0.468750 0.550808
vt 0.437500 0.940794
vt 0.437500 0.550808
vt 0.406250 0.940794
vt 0.406250 0.550808
vt 0.375000 0.940794
vt 0.375000 0.550808
vt 0.343750 0.940794
vt 0.343750 0.550808
vt 0.312500 0.940794
vt 0.312500 0.550808
vt 0.281250 0.940795
vt 0.281250 0.550808
vt 0.250000 0.940794
vt 0.250000 0.550808
vt 0.218750 0.940794
vt 0.218750 0.550808
vt 0.187500 0.940794
vt 0.187500 0.550808
vt 0.156250 0.940794
vt 0.156250 0.550808
vt 0.125000 0.940794
vt 0.125000 0.550808
vt 0.093750 0.940795
vt 0.093750 0.550808
vt 0.062500 0.940794
vt 0.062500 0.550808
vt 0.031250 0.940795
vt 0.031250 0.550808
vt 0.937500 0.940794
vt 0.937500 0.550808
vt 0.906250 0.550808
vt 0.000000 0.940795
vt 0.000000 0.550808
vt 0.996282 1.000000
vt 0.972468 1.000000
vt 0.965032 1.000000
vt 0.941218 1.000000
vt 0.933782 1.000000
vt 0.909968 1.000000
vt 0.902532 1.000000
vt 0.878718 1.000000
vt 0.871282 1.000000
vt 0.847468 1.000000
vt 0.840032 1.000000
vt 0.816218 1.000000
vt 0.808782 1.000000
vt 0.784968 1.000000
vt 0.777532 1.000000
vt 0.753718 1.000000
vt 0.746282 1.000000
vt 0.722468 1.000000
vt 0.715032 1.000000
vt 0.691218 1.000000
vt 0.683782 1.000000
vt 0.659968 1.000000
vt 0.652532 1.000000
vt 0.628718 1.000000
vt 0.621282 1.000000
vt 0.597468 1.000000
vt 0.590032 1.000000
vt 0.566218 1.000000
vt 0.558782 1.000000
vt 0.534968 1.000000
vt 0.527532 1.000000
vt 0.503718 1.000000
vt 0.496282 1.000000
vt 0.472468 1.000000
vt 0.465032 1.000000
vt 0.441218 1.000000
vt 0.433782 1.000000
vt 0.409968 1.000000
vt 0.402532 1.000000
vt 0.378718 1.000000
vt 0.371282 1.000000
vt 0.347468 1.000000
vt 0.340032 1.000000
vt 0.316218 1.000000
vt 0.308782 1.000000
vt 0.284968 1.000000
vt 0.277532 1.000000
vt 0.253718 1.000000
vt 0.246282 1.000000
vt 0.222468 1.000000
vt 0.215032 1.000000
vt 0.191218 1.000000
vt 0.183782 1.000000
vt 0.159968 1.000000
vt 0.152532 1.000000
vt 0.128718 1.000000
vt 0.121282 1.000000
vt 0.097468 1.000000
vt 0.090032 1.000000
vt 0.066218 1.000000
vt 0.058782 1.000000
vt 0.034968 1.000000
vt 0.027532 1.000000
vt 0.003718 1.000000
vt 0.260099 0.300771
vt 0.250000 0.301765
vt 0.239901 0.300771
vt 0.230190 0.297825
vt 0.221241 0.293041
vt 0.213396 0.286604
vt 0.206959 0.278759
vt 0.202175 0.269810
vt 0.199229 0.260099
vt 0.198235 0.250000
vt 0.199229 0.239901
vt 0.202175 0.230190
vt 0.206959 0.221241
vt 0.213396 0.213396
vt 0.221241 0.206959
vt 0.230190 0.202175
vt 0.239901 0.199229
vt 0.250000 0.198235
vt 0.260099 0.199229
vt 0.269810 0.202175
vt 0.278759 0.206959
vt 0.286603 0.213396
vt 0.293041 0.221241
vt 0.297825 0.230190
vt 0.300771 0.239901
vt 0.301765 0.250000
vt 0.300771 0.260099
vt 0.297825 0.269810
vt 0.293041 0.278759
vt 0.286604 0.286604
vt 0.278759 0.293041
vt 0.269810 0.297825
vt 0.971941 0.500000
vt 0.996809 0.500000
vt 0.940691 0.500000
vt 0.965559 0.500000
vt 0.909441 0.500000
vt 0.934309 0.500000
vt 0.878191 0.500000
vt 0.903059 0.500000
vt 0.846941 0.500000
vt 0.871809 0.500000
vt 0.815691 0.500000
vt 0.840559 0.500000
vt 0.784441 0.500000
vt 0.809309 0.500000
vt 0.753191 0.500000
vt 0.778059 0.500000
vt 0.721941 0.500000
vt 0.746809 0.500000
vt 0.690691 0.500000
vt 0.715559 0.500000
vt 0.659441 0.500000
vt 0.684309 0.500000
vt 0.628191 0.500000
vt 0.653059 0.500000
vt 0.596941 0.500000
vt 0.621809 0.500000
vt 0.565691 0.500000
vt 0.590559 0.500000
vt 0.534441 0.500000
vt 0.559309 0.500000
vt 0.503191 0.500000
vt 0.528059 0.500000
vt 0.471941 0.500000
vt 0.496809 0.500000
vt 0.440691 0.500000
vt 0.465559 0.500000
vt 0.409441 0.500000
vt 0.434309 0.500000
vt 0.378191 0.500000
vt 0.403059 0.500000
vt 0.346941 0.500000
vt 0.371809 0.500000
vt 0.315691 0.500000
vt 0.340559 0.500000
vt 0.284441 0.500000
vt 0.309309 0.500000
vt 0.253191 0.500000
vt 0.278059 0.500000
vt 0.221941 0.500000
vt 0.246809 0.500000
vt 0.190691 0.500000
vt 0.215559 0.500000
vt 0.159441 0.500000
vt 0.184309 0.500000
vt 0.128191 0.500000
vt 0.153059 0.500000
vt 0.096941 0.500000
vt 0.121809 0.500000
vt 0.065691 0.500000
vt 0.090559 0.500000
vt 0.034441 0.500000
vt 0.059309 0.500000
vt 0.003191 0.500000
vt 0.028059 0.500000
vt 0.750000 0.309866
vt 0.761679 0.308716
vt 0.772910 0.305309
vt 0.783260 0.299777
vt 0.792332 0.292332
vt 0.799777 0.283260
vt 0.805309 0.272910
vt 0.808716 0.261679
vt 0.809866 0.250000
vt 0.808716 0.238321
vt 0.805309 0.227090
vt 0.799777 0.216740
vt 0.792332 0.207668
vt 0.783260 0.200223
vt 0.772910 0.194691
vt 0.761679 0.191284
vt 0.750000 0.190134
vt 0.738321 0.191284
vt 0.727090 0.194691
vt 0.716740 0.200223
vt 0.707668 0.207668
vt 0.700223 0.216740
vt 0.694691 0.227090
vt 0.691285 0.238321
vt 0.690134 0.250000
vt 0.691285 0.261679
vt 0.694691 0.272910
vt 0.700223 0.283260
vt 0.707668 0.292332
vt 0.716740 0.299777
vt 0.727090 0.305309
vt 0.738321 0.308716
vt 0.250000 0.376518
vt 0.274682 0.374087
vt 0.285680 0.429374
vt 0.250000 0.432888
vt 0.298416 0.366888
vt 0.319988 0.418966
vt 0.320290 0.355196
vt 0.351607 0.402065
vt 0.339462 0.339462
vt 0.379321 0.379321
vt 0.355196 0.320290
vt 0.402066 0.351607
vt 0.366888 0.298416
vt 0.418966 0.319988
vt 0.374087 0.274682
vt 0.429374 0.285680
vt 0.376518 0.250000
vt 0.432888 0.250000
vt 0.374087 0.225318
vt 0.429374 0.214320
vt 0.366888 0.201584
vt 0.418966 0.180012
vt 0.355196 0.179710
vt 0.402066 0.148393
vt 0.339462 0.160538
vt 0.379321 0.120679
vt 0.320290 0.144804
vt 0.351607 0.097934
vt 0.298416 0.133112
vt 0.319988 0.081034
vt 0.274683 0.125913
vt 0.285680 0.070626
vt 0.250000 0.123482
vt 0.250000 0.067112
vt 0.225318 0.125913
vt 0.214320 0.070626
vt 0.201584 0.133112
vt 0.180012 0.081034
vt 0.179710 0.144804
vt 0.148393 0.097934
vt 0.160538 0.160538
vt 0.120679 0.120679
vt 0.144804 0.179710
vt 0.097934 0.148393
vt 0.133112 0.201584
vt 0.081034 0.180012
vt 0.125913 0.225318
vt 0.070626 0.214320
vt 0.123482 0.250000
vt 0.067112 0.250000
vt 0.125913 0.274682
vt 0.070626 0.285680
vt 0.133112 0.298416
vt 0.081034 0.319988
vt 0.144804 0.320290
vt 0.097934 0.351607
vt 0.160538 0.339462
vt 0.120679 0.379321
vt 0.179710 0.355196
vt 0.148393 0.402066
vt 0.201584 0.366888
vt 0.180012 0.418966
vt 0.225318 0.374087
vt 0.214320 0.429374
vt 0.776263 0.382032
vt 0.750000 0.384619
vt 0.750000 0.440988
vt 0.787260 0.437319
vt 0.801517 0.374372
vt 0.823088 0.426450
vt 0.824790 0.361932
vt 0.856108 0.408801
vt 0.845190 0.345190
vt 0.885049 0.385049
vt 0.861932 0.324790
vt 0.908801 0.356107
vt 0.874372 0.301516
vt 0.926450 0.323088
vt 0.882032 0.276263
vt 0.937319 0.287260
vt 0.884619 0.250000
vt 0.940988 0.250000
vt 0.882032 0.223737
vt 0.937319 0.212740
vt 0.874372 0.198484
vt 0.926450 0.176912
vt 0.861932 0.175210
vt 0.908801 0.143893
vt 0.845190 0.154810
vt 0.885049 0.114951
vt 0.824790 0.138068
vt 0.856108 0.091199
vt 0.801517 0.125628
vt 0.823088 0.073550
vt 0.776263 0.117968
vt 0.787260 0.062681
vt 0.750000 0.115381
vt 0.750000 0.059012
vt 0.723737 0.117968
vt 0.712740 0.062681
vt 0.698484 0.125628
vt 0.676912 0.073550
vt 0.675210 0.138068
vt 0.643893 0.091199
vt 0.654810 0.154810
vt 0.614951 0.114951
vt 0.638069 0.175210
vt 0.591199 0.143893
vt 0.625628 0.198484
vt 0.573550 0.176912
vt 0.617968 0.223737
vt 0.562681 0.212740
vt 0.615381 0.250000
vt 0.559012 0.250000
vt 0.617968 0.276263
vt 0.562681 0.287260
vt 0.625628 0.301516
vt 0.573550 0.323088
vt 0.638068 0.324790
vt 0.591199 0.356107
vt 0.654810 0.345190
vt 0.614951 0.385049
vt 0.675210 0.361932
vt 0.643893 0.408801
vt 0.698484 0.374372
vt 0.676912 0.426450
vt 0.723737 0.382032
vt 0.712740 0.437319
vn 0.0000 -0.0980 -0.9952
vn 0.0000 -0.6344 -0.7730
vn 0.0000 -0.7730 -0.6344
vn 0.0000 -0.8819 -0.4714
vn 0.0000 -0.9569 -0.2903
vn 0.0000 -0.9952 -0.0980
vn 0.0000 -0.9952 0.0980
vn 0.0000 -0.9569 0.2903
vn 0.0000 -0.8819 0.4714
vn 0.0000 -0.7730 0.6344
vn 0.0000 -0.6344 0.7730
vn 0.0000 -0.4714 0.8819
vn 0.0000 -0.2903 0.9569
vn -0.0000 -0.0980 0.9952
vn 0.0000 0.0980 0.9952
vn 0.0000 0.2903 0.9569
vn 0.0000 0.4714 0.8819
vn 0.0000 0.6344 0.7730
vn 0.0000 0.7730 0.6344
vn 0.0000 0.8819 0.4714
vn 0.0000 0.9569 0.2903
vn 0.0000 0.9952 0.0980
vn 0.0000 0.9952 -0.0980
vn 0.0000 0.9569 -0.2903
vn 0.0000 0.8819 -0.4714
vn 0.0000 0.7730 -0.6344
vn 0.0000 0.6344 -0.7730
vn -0.0000 0.4714 -0.8819
vn 0.0000 0.2903 -0.9569
vn 0.0000 -0.2903 -0.9569
vn 0.0000 -0.4714 -0.8819
vn 0.0000 0.0980 -0.9952
vn 0.9423 -0.0328 -0.3332
vn 0.9423 -0.0972 -0.3204
vn 0.9423 -0.1578 -0.2953
vn 0.9423 -0.2124 -0.2588
vn 0.9423 -0.2588 -0.2124
vn 0.9423 -0.2953 -0.1578
vn 0.9423 -0.3204 -0.0972
vn 0.9423 -0.3332 -0.0328
vn 0.9423 -0.3332 0.0328
vn 0.9423 -0.3204 0.0972
vn 0.9423 -0.2953 0.1578
vn 0.9423 -0.2588 0.2124
vn 0.9423 -0.2124 0.2588
vn 0.9423 -0.1578 0.2953
vn 0.9423 -0.0972 0.3204
vn 0.9423 -0.0328 0.3332
vn 0.9423 0.0328 0.3332
vn 0.9423 0.0972 0.3204
vn 0.9423 0.1578 0.2953
vn 0.9423 0.2124 0.2588
vn 0.9423 0.2588 0.2124
vn 0.9423 0.2953 0.1578
vn 0.9423 0.3204 0.0972
vn 0.9423 0.3332 0.0328
vn 0.9423 0.3332 -0.0328
vn 0.9423 0.3204 -0.0972
vn 0.9423 0.2953 -0.1578
vn 0.9423 0.2588 -0.2124
vn 0.9423 0.2124 -0.2588
vn 0.9423 0.1578 -0.2953
vn 0.9423 0.0972 -0.3204
vn 0.9423 0.0328 -0.3332
vn 1.0000 -0.0000 0.0000
vn -0.9423 -0.0328 -0.3332
vn -0.9423 -0.0972 -0.3204
vn -0.9423 -0.1578 -0.2953
vn -0.9423 -0.2124 -0.2588
vn -0.9423 -0.2588 -0.2124
vn -0.9423 -0.2953 -0.1578
vn -0.9423 -0.3204 -0.0972
vn -0.9423 -0.3332 -0.0328
vn -0.9423 -0.3332 0.0328
vn -0.9423 -0.3204 0.0972
vn -0.9423 -0.2953 0.1578
vn -0.9423 -0.2588 0.2124
vn -0.9423 -0.2124 0.2588
vn -0.9423 -0.1578 0.2953
vn -0.9423 -0.0972 0.3204
vn -0.9423 -0.0328 0.3332
vn -0.9423 0.0328 0.3332
vn -0.9423 0.0972 0.3204
vn -0.9423 0.1578 0.2953
vn -0.9423 0.2124 0.2588
vn -0.9423 0.2588 0.2124
vn -0.9423 0.2953 0.1578
vn -0.9423 0.3204 0.0972
vn -0.9423 0.3332 0.0328
vn -0.9423 0.3332 -0.0328
vn -0.9423 0.3204 -0.0972
vn -0.9423 0.2953 -0.1578
vn -0.9423 0.2588 -0.2124
vn -0.9423 0.2124 -0.2588
vn -0.9423 0.1578 -0.2953
vn -0.9423 0.0972 -0.3204
vn -0.9423 0.0328 -0.3332
vn -1.0000 -0.0000 0.0000
vn 0.0472 -0.7721 -0.6337
vn 0.0472 -0.8809 -0.4709
vn -0.0000 0.1951 -0.9808
vn -0.0000 0.1951 0.9808
vn 0.0474 0.9989 0.0000
vn -0.0000 -0.5556 -0.8315
vn -0.0000 -1.0000 0.0000
vn -0.0000 0.9239 -0.3827
vn 0.0000 -0.7071 0.7071
vn 0.0000 -0.7071 -0.7071
vn -0.0000 0.8315 0.5556
vn -0.0000 -0.5556 0.8315
vn 0.0478 0.6337 0.7721
vn 0.0000 0.9239 0.3827
vn 0.0472 -0.9559 -0.2900
vn 0.0472 -0.9559 0.2900
vn 0.0472 -0.8809 0.4709
vn 0.0472 -0.7721 0.6337
vn 0.0472 -0.4709 0.8809
vn 0.0472 -0.2900 0.9559
vn 0.0472 -0.0979 0.9941
vn -0.0472 -0.4709 -0.8809
vn -0.0472 -0.6337 -0.7721
vn -0.0472 -0.7721 -0.6337
vn -0.0472 -0.9941 -0.0979
vn -0.0472 -0.9941 0.0979
vn 0.0472 0.4709 -0.8809
vn 0.0472 0.6337 -0.7721
vn 0.0472 0.7721 -0.6337
vn 0.0472 -0.2900 -0.9559
vn 0.0472 -0.0979 -0.9941
vn -0.0472 0.0979 0.9941
vn -0.0472 0.2900 0.9559
vn -0.0472 0.7721 0.6337
vn -0.0472 0.8809 0.4709
vn -0.0472 0.9559 0.2900
vn -0.0472 0.9559 -0.2900
vn -0.0472 0.8809 -0.4709
vn -0.0472 0.7721 -0.6337
vn -0.0472 0.4709 -0.8809
vn -0.0472 0.2900 -0.9559
vn -0.0472 0.0979 -0.9941
vn -0.0472 -0.7721 0.6337
vn -0.0472 -0.6337 0.7721
vn -0.0472 -0.4709 0.8809
usemtl None
s off
f 752/1003/378 688/1004/378 690/1005/378 753/1006/378
f 757/1007/379 694/1008/379 696/1009/379 759/1010/379
f 759/1010/380 696/1009/380 698/1011/380 761/1012/380
f 761/1013/381 698/1011/381 700/1014/381 763/1015/381
f 763/1015/382 700/1014/382 702/1016/382 765/1017/382
f 765/1017/383 702/1016/383 704/1018/383 767/1019/383
f 767/1019/384 704/1018/384 706/1020/384 769/1021/384
f 769/1021/385 706/1020/385 708/1022/385 771/1023/385
f 771/1023/386 708/1022/386 710/1024/386 773/1025/386
f 773/1025/387 710/1024/387 712/1026/387 775/1027/387
f 775/1027/388 712/1026/388 714/1028/388 777/1029/388
f 777/1030/389 714/1028/389 716/1031/389 779/1032/389
f 779/1032/390 716/1031/390 718/1033/390 781/1034/390
f 781/1034/391 718/1033/391 720/1035/391 783/1036/391
f 783/1036/392 720/1035/392 722/1037/392 785/1038/392
f 785/1038/393 722/1037/393 724/1039/393 787/1040/393
f 787/1040/394 724/1039/394 726/1041/394 789/1042/394
f 789/1042/395 726/1041/395 728/1043/395 791/1044/395
f 791/1044/396 728/1043/396 730/1045/396 793/1046/396
f 793/1046/397 730/1045/397 732/1047/397 795/1048/397
f 795/1048/398 732/1047/398 734/1049/398 797/1050/398
f 797/1050/399 734/1049/399 736/1051/399 799/1052/399
f 799/1052/400 736/1051/400 738/1053/400 801/1054/400
f 801/1054/401 738/1053/401 740/1055/401 803/1056/401
f 803/1056/402 740/1055/402 742/1057/402 805/1058/402
f 805/1058/403 742/1057/403 744/1059/403 807/1060/403
f 807/1060/404 744/1059/404 746/1061/404 809/1062/404
f 809/1062/405 746/1061/405 748/1063/405 811/1064/405
f 811/1064/406 748/1063/406 750/1065/406 813/1066/406
f 753/1006/407 690/1005/407 692/1067/407 755/1068/407
f 755/1068/408 692/1067/408 694/1008/408 757/1069/408
f 813/1066/409 750/1065/409 688/1070/409 752/1071/409
f 690/1005/410 688/1004/410 815/1072/410 816/1073/410
f 692/1067/411 690/1005/411 816/1074/411 817/1075/411
f 694/1008/412 692/1067/412 817/1076/412 818/1077/412
f 696/1009/413 694/1008/413 818/1078/413 819/1079/413
f 698/1011/414 696/1009/414 819/1080/414 820/1081/414
f 700/1014/415 698/1011/415 820/1082/415 821/1083/415
f 702/1016/416 700/1014/416 821/1084/416 822/1085/416
f 704/1018/417 702/1016/417 822/1086/417 823/1087/417
f 706/1020/418 704/1018/418 823/1088/418 824/1089/418
f 708/1022/419 706/1020/419 824/1090/419 825/1091/419
f 710/1024/420 708/1022/420 825/1092/420 826/1093/420
f 712/1026/421 710/1024/421 826/1094/421 827/1095/421
f 714/1028/422 712/1026/422 827/1096/422 828/1097/422
f 716/1031/423 714/1028/423 828/1098/423 829/1099/423
f 718/1033/424 716/1031/424 829/1100/424 830/1101/424
f 720/1035/425 718/1033/425 830/1102/425 831/1103/425
f 722/1037/426 720/1035/426 831/1104/426 832/1105/426
f 724/1039/427 722/1037/427 832/1106/427 833/1107/427
f 726/1041/428 724/1039/428 833/1108/428 834/1109/428
f 728/1043/429 726/1041/429 834/1110/429 835/1111/429
f 730/1045/430 728/1043/430 835/1112/430 836/1113/430
f 732/1047/431 730/1045/431 836/1114/431 837/1115/431
f 734/1049/432 732/1047/432 837/1116/432 838/1117/432
f 736/1051/433 734/1049/433 838/1118/433 839/1119/433
f 738/1053/434 736/1051/434 839/1120/434 840/1121/434
f 740/1055/435 738/1053/435 840/1122/435 841/1123/435
f 742/1057/436 740/1055/436 841/1124/436 842/1125/436
f 744/1059/437 742/1057/437 842/1126/437 843/1127/437
f 746/1061/438 744/1059/438 843/1128/438 844/1129/438
f 748/1063/439 746/1061/439 844/1130/439 845/1131/439
f 750/1065/440 748/1063/440 845/1132/440 846/1133/440
f 688/1070/441 750/1065/441 846/1134/441 815/1135/441
f 689/1136/442 687/1137/442 749/1138/442 747/1139/442 745/1140/442 743/1141/442 741/1142/442 739/1143/442 737/1144/442 735/1145/442 733/1146/442 731/1147/442 729/1148/442 727/1149/442 725/1150/442 723/1151/442 721/1152/442 719/1153/442 717/1154/442 715/1155/442 713/1156/442 711/1157/442 709/1158/442 707/1159/442 705/1160/442 703/1161/442 701/1162/442 699/1163/442 697/1164/442 695/1165/442 693/1166/442 691/1167/442
f 752/1003/443 753/1006/443 847/1168/443 848/1169/443
f 753/1006/444 755/1068/444 849/1170/444 847/1171/444
f 755/1068/445 757/1069/445 850/1172/445 849/1173/445
f 757/1007/446 759/1010/446 851/1174/446 850/1175/446
f 759/1010/447 761/1012/447 852/1176/447 851/1177/447
f 761/1013/448 763/1015/448 853/1178/448 852/1179/448
f 763/1015/449 765/1017/449 854/1180/449 853/1181/449
f 765/1017/450 767/1019/450 855/1182/450 854/1183/450
f 767/1019/451 769/1021/451 856/1184/451 855/1185/451
f 769/1021/452 771/1023/452 857/1186/452 856/1187/452
f 771/1023/453 773/1025/453 858/1188/453 857/1189/453
f 773/1025/454 775/1027/454 859/1190/454 858/1191/454
f 775/1027/455 777/1029/455 860/1192/455 859/1193/455
f 777/1030/456 779/1032/456 861/1194/456 860/1195/456
f 779/1032/457 781/1034/457 862/1196/457 861/1197/457
f 781/1034/458 783/1036/458 863/1198/458 862/1199/458
f 783/1036/459 785/1038/459 864/1200/459 863/1201/459
f 785/1038/460 787/1040/460 865/1202/460 864/1203/460
f 787/1040/461 789/1042/461 866/1204/461 865/1205/461
f 789/1042/462 791/1044/462 867/1206/462 866/1207/462
f 791/1044/463 793/1046/463 868/1208/463 867/1209/463
f 793/1046/464 795/1048/464 869/1210/464 868/1211/464
f 795/1048/465 797/1050/465 870/1212/465 869/1213/465
f 797/1050/466 799/1052/466 871/1214/466 870/1215/466
f 799/1052/467 801/1054/467 872/1216/467 871/1217/467
f 801/1054/468 803/1056/468 873/1218/468 872/1219/468
f 803/1056/469 805/1058/469 874/1220/469 873/1221/469
f 805/1058/470 807/1060/470 875/1222/470 874/1223/470
f 807/1060/471 809/1062/471 876/1224/471 875/1225/471
f 809/1062/472 811/1064/472 877/1226/472 876/1227/472
f 811/1064/473 813/1066/473 878/1228/473 877/1229/473
f 813/1066/474 752/1071/474 848/1230/474 878/1231/474
f 751/1232/475 754/1233/475 756/1234/475 758/1235/475 760/1236/475 762/1237/475 764/1238/475 766/1239/475 768/1240/475 770/1241/475 772/1242/475 774/1243/475 776/1244/475 778/1245/475 780/1246/475 782/1247/475 784/1248/475 786/1249/475 788/1250/475 790/1251/475 792/1252/475 794/1253/475 796/1254/475 798/1255/475 800/1256/475 802/1257/475 804/1258/475 806/1259/475 808/1260/475 810/1261/475 812/1262/475 814/1263/475
f 879/1264/442 880/1265/442 816/1266/442 815/1267/442
f 880/1265/442 881/1268/442 817/1269/442 816/1266/442
f 881/1268/442 882/1270/442 818/1271/442 817/1269/442
f 882/1270/442 883/1272/442 819/1273/442 818/1271/442
f 883/1272/442 884/1274/442 820/1275/442 819/1273/442
f 884/1274/442 885/1276/442 821/1277/442 820/1275/442
f 885/1276/442 886/1278/442 822/1279/442 821/1277/442
f 886/1278/442 887/1280/442 823/1281/442 822/1279/442
f 887/1280/442 888/1282/442 824/1283/442 823/1281/442
f 888/1282/442 889/1284/442 825/1285/442 824/1283/442
f 889/1284/442 890/1286/442 826/1287/442 825/1285/442
f 890/1286/442 891/1288/442 827/1289/442 826/1287/442
f 891/1288/442 892/1290/442 828/1291/442 827/1289/442
f 892/1290/442 893/1292/442 829/1293/442 828/1291/442
f 893/1292/442 894/1294/442 830/1295/442 829/1293/442
f 894/1294/442 895/1296/442 831/1297/442 830/1295/442
f 895/1296/442 896/1298/442 832/1299/442 831/1297/442
f 896/1298/442 897/1300/442 833/1301/442 832/1299/442
f 897/1300/442 898/1302/442 834/1303/442 833/1301/442
f 898/1302/442 899/1304/442 835/1305/442 834/1303/442
f 899/1304/442 900/1306/442 836/1307/442 835/1305/442
f 900/1306/442 901/1308/442 837/1309/442 836/1307/442
f 901/1308/442 902/1310/442 838/1311/442 837/1309/442
f 902/1310/442 903/1312/442 839/1313/442 838/1311/442
f 903/1312/442 904/1314/442 840/1315/442 839/1313/442
f 904/1314/442 905/1316/442 841/1317/442 840/1315/442
f 905/1316/442 906/1318/442 842/1319/442 841/1317/442
f 906/1318/442 907/1320/442 843/1321/442 842/1319/442
f 907/1320/442 908/1322/442 844/1323/442 843/1321/442
f 908/1322/442 909/1324/442 845/1325/442 844/1323/442
f 909/1324/442 910/1326/442 846/1327/442 845/1325/442
f 910/1326/442 879/1264/442 815/1267/442 846/1327/442
f 911/1328/475 912/1329/475 848/1330/475 847/1331/475
f 913/1332/475 911/1328/475 847/1331/475 849/1333/475
f 914/1334/475 913/1332/475 849/1333/475 850/1335/475
f 915/1336/475 914/1334/475 850/1335/475 851/1337/475
f 916/1338/475 915/1336/475 851/1337/475 852/1339/475
f 917/1340/475 916/1338/475 852/1339/475 853/1341/475
f 918/1342/475 917/1340/475 853/1341/475 854/1343/475
f 919/1344/475 918/1342/475 854/1343/475 855/1345/475
f 920/1346/475 919/1344/475 855/1345/475 856/1347/475
f 921/1348/475 920/1346/475 856/1347/475 857/1349/475
f 922/1350/475 921/1348/475 857/1349/475 858/1351/475
f 923/1352/475 922/1350/475 858/1351/475 859/1353/475
f 924/1354/475 923/1352/475 859/1353/475 860/1355/475
f 925/1356/475 924/1354/475 860/1355/475 861/1357/475
f 926/1358/475 925/1356/475 861/1357/475 862/1359/475
f 927/1360/475 926/1358/475 862/1359/475 863/1361/475
f 928/1362/475 927/1360/475 863/1361/475 864/1363/475
f 929/1364/475 928/1362/475 864/1363/475 865/1365/475
f 930/1366/475 929/1364/475 865/1365/475 866/1367/475
f 931/1368/475 930/1366/475 866/1367/475 867/1369/475
f 932/1370/475 931/1368/475 867/1369/475 868/1371/475
f 933/1372/475 932/1370/475 868/1371/475 869/1373/475
f 934/1374/475 933/1372/475 869/1373/475 870/1375/475
f 935/1376/475 934/1374/475 870/1375/475 871/1377/475
f 936/1378/475 935/1376/475 871/1377/475 872/1379/475
f 937/1380/475 936/1378/475 872/1379/475 873/1381/475
f 938/1382/475 937/1380/475 873/1381/475 874/1383/475
f 939/1384/475 938/1382/475 874/1383/475 875/1385/475
f 940/1386/475 939/1384/475 875/1385/475 876/1387/475
f 941/1388/475 940/1386/475 876/1387/475 877/1389/475
f 942/1390/475 941/1388/475 877/1389/475 878/1391/475
f 912/1329/475 942/1390/475 878/1391/475 848/1330/475
f 695/1165/476 697/1164/476 762/1237/476 760/1236/476
f 697/1164/477 699/1163/477 764/1238/477 762/1237/477
f 691/1167/442 693/1166/442 882/1270/442 881/1268/442
f 693/1166/442 695/1165/442 883/1272/442 882/1270/442
f 798/1255/478 934/1374/478 902/1310/478 733/1146/478
f 936/1378/479 802/1257/479 737/1144/479 904/1314/479
f 733/1146/480 735/1145/480 737/1144/480 802/1257/480 800/1256/480 798/1255/480
f 701/1162/442 703/1161/442 887/1280/442 886/1278/442
f 703/1161/442 705/1160/442 888/1282/442 887/1280/442
f 711/1157/442 713/1156/442 892/1290/442 891/1288/442
f 741/1142/481 806/1259/481 938/1382/481 906/1318/481
f 879/1264/482 687/1137/482 751/1232/482 912/1329/482
f 691/1167/483 881/1268/483 913/1332/483 756/1234/483
f 719/1153/442 721/1152/442 896/1298/442 895/1296/442
f 721/1152/442 723/1151/442 897/1300/442 896/1298/442
f 695/1165/484 760/1236/484 915/1336/484 883/1272/484
f 701/1162/478 886/1278/478 918/1342/478 766/1239/478
f 705/1160/479 770/1241/479 920/1346/479 888/1282/479
f 729/1148/442 731/1147/442 901/1308/442 900/1306/442
f 731/1147/442 733/1146/442 902/1310/442 901/1308/442
f 711/1157/485 891/1288/485 923/1352/485 776/1244/485
f 713/1156/486 778/1245/486 924/1354/486 892/1290/486
f 737/1144/442 739/1143/442 905/1316/442 904/1314/442
f 739/1143/442 741/1142/442 906/1318/442 905/1316/442
f 927/1360/482 784/1248/482 719/1153/482 895/1296/482
f 723/1151/483 788/1250/483 929/1364/483 897/1300/483
f 794/1253/487 729/1148/487 900/1306/487 932/1370/487
f 747/1139/442 749/1138/442 910/1326/442 909/1324/442
f 749/1138/442 687/1137/442 879/1264/442 910/1326/442
f 758/1235/475 756/1234/475 913/1332/475 914/1334/475
f 760/1236/475 758/1235/475 914/1334/475 915/1336/475
f 768/1240/475 766/1239/475 918/1342/475 919/1344/475
f 770/1241/475 768/1240/475 919/1344/475 920/1346/475
f 778/1245/475 776/1244/475 923/1352/475 924/1354/475
f 786/1249/475 784/1248/475 927/1360/475 928/1362/475
f 788/1250/475 786/1249/475 928/1362/475 929/1364/475
f 796/1254/475 794/1253/475 932/1370/475 933/1372/475
f 798/1255/475 796/1254/475 933/1372/475 934/1374/475
f 804/1258/475 802/1257/475 936/1378/475 937/1380/475
f 806/1259/475 804/1258/475 937/1380/475 938/1382/475
f 788/1250/488 723/1151/488 725/1150/488 727/1149/488 729/1148/488 794/1253/488 792/1252/488 790/1251/488
f 747/1139/489 909/1324/489 941/1388/489 812/1262/489
f 814/1263/475 812/1262/475 941/1388/475 942/1390/475
f 751/1232/475 814/1263/475 942/1390/475 912/1329/475
f 699/1163/490 701/1162/490 766/1239/490 764/1238/490
f 705/1160/491 707/1159/491 772/1242/491 770/1241/491
f 707/1159/492 709/1158/492 774/1243/492 772/1242/492
f 709/1158/493 711/1157/493 776/1244/493 774/1243/493
f 713/1156/494 715/1155/494 780/1246/494 778/1245/494
f 715/1155/495 717/1154/495 782/1247/495 780/1246/495
f 717/1154/496 719/1153/496 784/1248/496 782/1247/496
f 788/1250/497 790/1251/497 725/1150/497 723/1151/497
f 790/1251/498 792/1252/498 727/1149/498 725/1150/498
f 792/1252/499 794/1253/499 729/1148/499 727/1149/499
f 798/1255/500 800/1256/500 735/1145/500 733/1146/500
f 800/1256/501 802/1257/501 737/1144/501 735/1145/501
f 745/1140/502 747/1139/502 812/1262/502 810/1261/502
f 743/1141/503 745/1140/503 810/1261/503 808/1260/503
f 741/1142/504 743/1141/504 808/1260/504 806/1259/504
f 689/1136/505 691/1167/505 756/1234/505 754/1233/505
f 687/1137/506 689/1136/506 754/1233/506 751/1232/506
f 879/1264/507 912/1329/507 911/1328/507 880/1265/507
f 880/1265/508 911/1328/508 913/1332/508 881/1268/508
f 883/1272/509 915/1336/509 916/1338/509 884/1274/509
f 884/1274/510 916/1338/510 917/1340/510 885/1276/510
f 885/1276/511 917/1340/511 918/1342/511 886/1278/511
f 888/1282/512 920/1346/512 921/1348/512 889/1284/512
f 889/1284/513 921/1348/513 922/1350/513 890/1286/513
f 890/1286/514 922/1350/514 923/1352/514 891/1288/514
f 892/1290/515 924/1354/515 925/1356/515 893/1292/515
f 893/1292/516 925/1356/516 926/1358/516 894/1294/516
f 894/1294/517 926/1358/517 927/1360/517 895/1296/517
f 897/1300/497 929/1364/497 930/1366/497 898/1302/497
f 898/1302/498 930/1366/498 931/1368/498 899/1304/498
f 899/1304/499 931/1368/499 932/1370/499 900/1306/499
f 902/1310/500 934/1374/500 935/1376/500 903/1312/500
f 903/1312/501 935/1376/501 936/1378/501 904/1314/501
f 906/1318/518 938/1382/518 939/1384/518 907/1320/518
f 907/1320/519 939/1384/519 940/1386/519 908/1322/519
f 908/1322/520 940/1386/520 941/1388/520 909/1324/520
o roda4_Cylinder.003
v -6.789927 -4.944049 -14.292367
v -7.093668 -4.944049 -17.123123
v -6.789927 -5.095920 -14.277409
v -7.093668 -5.648174 -17.053772
v -6.789927 -5.241957 -14.233109
v -7.093668 -6.325240 -16.848387
v -6.789927 -5.376544 -14.161171
v -7.093668 -6.949227 -16.514858
v -6.789927 -5.494510 -14.064359
v -7.093668 -7.496157 -16.066006
v -6.789927 -5.591322 -13.946392
v -7.093668 -7.945010 -15.519076
v -6.789927 -5.663260 -13.811805
v -7.093668 -8.278539 -14.895088
v -6.789927 -5.707560 -13.665770
v -7.093668 -8.483925 -14.218023
v -6.789927 -5.722518 -13.513898
v -7.093668 -8.553274 -13.513898
v -6.789927 -5.707560 -13.362027
v -7.093668 -8.483925 -12.809772
v -6.789927 -5.663260 -13.215991
v -7.093668 -8.278539 -12.132708
v -6.789927 -5.591322 -13.081404
v -7.093668 -7.945011 -11.508720
v -6.789927 -5.494509 -12.963438
v -7.093668 -7.496157 -10.961790
v -6.789927 -5.376542 -12.866624
v -7.093668 -6.949227 -10.512937
v -6.789927 -5.241957 -12.794687
v -7.093668 -6.325240 -10.179409
v -6.789927 -5.095921 -12.750387
v -7.093668 -5.648174 -9.974023
v -6.789927 -4.944049 -12.735429
v -7.093668 -4.944049 -9.904673
v -6.789927 -4.792178 -12.750387
v -7.093668 -4.239924 -9.974023
v -6.789927 -4.646142 -12.794687
v -7.093668 -3.562859 -10.179409
v -6.789927 -4.511555 -12.866625
v -7.093668 -2.938871 -10.512938
v -6.789927 -4.393589 -12.963437
v -7.093668 -2.391942 -10.961790
v -6.789927 -4.296776 -13.081404
v -7.093668 -1.943089 -11.508718
v -6.789927 -4.224838 -13.215990
v -7.093668 -1.609560 -12.132707
v -6.789927 -4.180539 -13.362027
v -7.093668 -1.404174 -12.809772
v -6.789927 -4.165581 -13.513898
v -7.093668 -1.334824 -13.513898
v -6.789927 -4.180539 -13.665770
v -7.093668 -1.404174 -14.218023
v -6.789927 -4.224838 -13.811805
v -7.093668 -1.609560 -14.895089
v -6.789927 -4.296776 -13.946392
v -7.093668 -1.943088 -15.519075
v -6.789927 -4.393589 -14.064358
v -7.093668 -2.391941 -16.066006
v -6.789927 -4.511555 -14.161171
v -7.093668 -2.938871 -16.514858
v -6.789927 -4.646142 -14.233109
v -7.093668 -3.562859 -16.848387
v -6.789927 -4.792178 -14.277409
v -7.093668 -4.239924 -17.053772
v -9.355074 -4.944048 -14.414186
v -9.094414 -4.944049 -17.123123
v -9.094414 -5.648174 -17.053772
v -9.355074 -5.119687 -14.396888
v -9.094414 -6.325240 -16.848387
v -9.355074 -5.288576 -14.345656
v -9.094414 -6.949227 -16.514858
v -9.355074 -5.444223 -14.262461
v -9.094414 -7.496157 -16.066006
v -9.355074 -5.580650 -14.150498
v -9.094414 -7.945010 -15.519076
v -9.355074 -5.692613 -14.014071
v -9.094414 -8.278539 -14.895088
v -9.355074 -5.775808 -13.858423
v -9.094414 -8.483925 -14.218023
v -9.355074 -5.827039 -13.689537
v -9.094414 -8.553274 -13.513898
v -9.355074 -5.844338 -13.513898
v -9.094414 -8.483925 -12.809772
v -9.355074 -5.827039 -13.338259
v -9.094414 -8.278539 -12.132708
v -9.355074 -5.775808 -13.169373
v -9.094414 -7.945011 -11.508720
v -9.355074 -5.692613 -13.013724
v -9.094414 -7.496157 -10.961790
v -9.355074 -5.580650 -12.877297
v -9.094414 -6.949227 -10.512937
v -9.355074 -5.444222 -12.765334
v -9.094414 -6.325240 -10.179409
v -9.355074 -5.288576 -12.682139
v -9.094414 -5.648174 -9.974023
v -9.355074 -5.119687 -12.630908
v -9.094414 -4.944049 -9.904673
v -9.355074 -4.944049 -12.613608
v -9.094414 -4.239925 -9.974023
v -9.355074 -4.768413 -12.630907
v -9.094414 -3.562859 -10.179409
v -9.355074 -4.599524 -12.682139
v -9.094414 -2.938871 -10.512938
v -9.355074 -4.443876 -12.765335
v -9.094414 -2.391942 -10.961790
v -9.355074 -4.307449 -12.877297
v -9.094414 -1.943089 -11.508718
v -9.355074 -4.195487 -13.013724
v -9.094414 -1.609560 -12.132707
v -9.355074 -4.112291 -13.169372
v -9.094414 -1.404174 -12.809772
v -9.355074 -4.061059 -13.338260
v -9.094414 -1.334824 -13.513898
v -9.355074 -4.043760 -13.513898
v -9.094414 -1.404174 -14.218023
v -9.355074 -4.061059 -13.689536
v -9.094414 -1.609560 -14.895089
v -9.355074 -4.112291 -13.858424
v -9.094414 -1.943088 -15.519075
v -9.355074 -4.195486 -14.014071
v -9.094414 -2.391941 -16.066006
v -9.355074 -4.307449 -14.150498
v -9.094414 -2.938871 -16.514858
v -9.355074 -4.443875 -14.262461
v -9.094414 -3.562859 -16.848387
v -9.355074 -4.599524 -14.345656
v -9.094414 -4.239925 -17.053772
v -9.355074 -4.768412 -14.396889
v -6.789927 -4.944049 -16.264244
v -6.789927 -5.480614 -16.211395
v -6.789927 -5.996561 -16.054886
v -6.789927 -6.472060 -15.800726
v -6.789927 -6.888837 -15.458686
v -6.789927 -7.230878 -15.041908
v -6.789926 -7.485037 -14.566409
v -6.789926 -7.641548 -14.050464
v -6.789926 -7.694395 -13.513898
v -6.789926 -7.641548 -12.977333
v -6.789926 -7.485037 -12.461387
v -6.789927 -7.230878 -11.985888
v -6.789927 -6.888837 -11.569110
v -6.789927 -6.472059 -11.227069
v -6.789927 -5.996562 -10.972910
v -6.789927 -5.480616 -10.816400
v -6.789927 -4.944049 -10.763553
v -6.789927 -4.407483 -10.816400
v -6.789927 -3.891537 -10.972910
v -6.789927 -3.416039 -11.227070
v -6.789927 -2.999261 -11.569110
v -6.789927 -2.657221 -11.985888
v -6.789927 -2.403062 -12.461386
v -6.789927 -2.246551 -12.977333
v -6.789927 -2.193704 -13.513898
v -6.789927 -2.246551 -14.050464
v -6.789927 -2.403062 -14.566409
v -6.789927 -2.657221 -15.041907
v -6.789927 -2.999261 -15.458686
v -6.789927 -3.416039 -15.800726
v -6.789927 -3.891538 -16.054886
v -6.789927 -4.407484 -16.211395
v -9.355074 -5.504382 -16.330875
v -9.355074 -4.944049 -16.386065
v -9.355074 -6.043180 -16.167433
v -9.355074 -6.539739 -15.902017
v -9.355074 -6.974977 -15.544826
v -9.355074 -7.332168 -15.109588
v -9.355074 -7.597585 -14.613028
v -9.355074 -7.761027 -14.074230
v -9.355074 -7.816215 -13.513898
v -9.355074 -7.761027 -12.953566
v -9.355074 -7.597585 -12.414768
v -9.355074 -7.332168 -11.918208
v -9.355074 -6.974977 -11.482970
v -9.355074 -6.539738 -11.125778
v -9.355074 -6.043180 -10.860363
v -9.355074 -5.504380 -10.696919
v -9.355074 -4.944049 -10.641732
v -9.355074 -4.383719 -10.696919
v -9.355074 -3.844919 -10.860363
v -9.355074 -3.348360 -11.125779
v -9.355074 -2.913121 -11.482970
v -9.355074 -2.555931 -11.918208
v -9.355074 -2.290514 -12.414767
v -9.355074 -2.127072 -12.953566
v -9.355074 -2.071883 -13.513898
v -9.355074 -2.127072 -14.074230
v -9.355074 -2.290514 -14.613029
v -9.355074 -2.555930 -15.109587
v -9.355074 -2.913121 -15.544826
v -9.355074 -3.348360 -15.902017
v -9.355074 -3.844919 -16.167433
v -9.355074 -4.383718 -16.330875
v -6.789927 -4.944049 -15.416535
v -6.789927 -5.315234 -15.379976
v -6.789927 -5.672157 -15.271706
v -6.789927 -6.001099 -15.095882
v -6.789927 -6.289417 -14.859265
v -6.789927 -6.526034 -14.570948
v -6.789927 -6.701857 -14.242005
v -6.789927 -6.810128 -13.885084
v -6.789927 -6.846687 -13.513898
v -6.789927 -6.810128 -13.142713
v -6.789927 -6.701857 -12.785790
v -6.789927 -6.526034 -12.456849
v -6.789927 -6.289417 -12.168530
v -6.789927 -6.001097 -11.931912
v -6.789927 -5.672158 -11.756090
v -6.789927 -5.315236 -11.647820
v -6.789927 -4.944049 -11.611260
v -6.789927 -4.572863 -11.647820
v -6.789927 -4.215941 -11.756090
v -6.789927 -3.887001 -11.931912
v -6.789927 -3.598681 -12.168530
v -6.789927 -3.362064 -12.456849
v -6.789927 -3.186242 -12.785789
v -6.789927 -3.077971 -13.142713
v -6.789927 -3.041412 -13.513898
v -6.789927 -3.077971 -13.885084
v -6.789927 -3.186242 -14.242005
v -6.789927 -3.362064 -14.570947
v -6.789927 -3.598681 -14.859265
v -6.789927 -3.887001 -15.095882
v -6.789927 -4.215941 -15.271706
v -6.789927 -4.572864 -15.379976
v -9.355074 -5.339002 -15.499456
v -9.355074 -4.944049 -15.538356
v -9.355074 -5.718776 -15.384253
v -9.355074 -6.068778 -15.197173
v -9.355074 -6.375557 -14.945406
v -9.355074 -6.627325 -14.638626
v -9.355074 -6.814405 -14.288624
v -9.355074 -6.929607 -13.908851
v -9.355074 -6.968507 -13.513898
v -9.355074 -6.929607 -13.118945
v -9.355074 -6.814405 -12.739172
v -9.355074 -6.627325 -12.389170
v -9.355074 -6.375557 -12.082390
v -9.355074 -6.068777 -11.830622
v -9.355074 -5.718777 -11.643542
v -9.355074 -5.339001 -11.528339
v -9.355074 -4.944049 -11.489440
v -9.355074 -4.549098 -11.528339
v -9.355074 -4.169323 -11.643542
v -9.355074 -3.819321 -11.830623
v -9.355074 -3.512542 -12.082390
v -9.355074 -3.260774 -12.389170
v -9.355074 -3.073694 -12.739171
v -9.355074 -2.958491 -13.118945
v -9.355074 -2.919591 -13.513898
v -9.355074 -2.958491 -13.908851
v -9.355074 -3.073695 -14.288625
v -9.355074 -3.260774 -14.638626
v -9.355074 -3.512541 -14.945406
v -9.355074 -3.819321 -15.197173
v -9.355074 -4.169323 -15.384254
v -9.355074 -4.549098 -15.499456
vt 1.000000 0.550808
vt 1.000000 0.940794
vt 0.968750 0.940794
vt 0.968750 0.550808
vt 0.906250 0.550808
vt 0.906250 0.940794
vt 0.875000 0.940795
vt 0.875000 0.550808
vt 0.843750 0.940795
vt 0.843750 0.550808
vt 0.843750 0.550808
vt 0.812500 0.940795
vt 0.812500 0.550808
vt 0.781250 0.940794
vt 0.781250 0.550808
vt 0.750000 0.940794
vt 0.750000 0.550808
vt 0.718750 0.940794
vt 0.718750 0.550808
vt 0.687500 0.940794
vt 0.687500 0.550808
vt 0.656250 0.940794
vt 0.656250 0.550808
vt 0.625000 0.940795
vt 0.625000 0.550808
vt 0.593750 0.940795
vt 0.593750 0.550808
vt 0.593750 0.550808
vt 0.562500 0.940794
vt 0.562500 0.550808
vt 0.531250 0.940794
vt 0.531250 0.550808
vt 0.500000 0.940795
vt 0.500000 0.550808
vt 0.468750 0.940794
vt 0.468750 0.550808
vt 0.437500 0.940794
vt 0.437500 0.550808
vt 0.406250 0.940794
vt 0.406250 0.550808
vt 0.375000 0.940794
vt 0.375000 0.550808
vt 0.343750 0.940794
vt 0.343750 0.550808
vt 0.312500 0.940794
vt 0.312500 0.550808
vt 0.281250 0.940795
vt 0.281250 0.550808
vt 0.250000 0.940794
vt 0.250000 0.550808
vt 0.218750 0.940794
vt 0.218750 0.550808
vt 0.187500 0.940794
vt 0.187500 0.550808
vt 0.156250 0.940794
vt 0.156250 0.550808
vt 0.125000 0.940794
vt 0.125000 0.550808
vt 0.093750 0.940795
vt 0.093750 0.550808
vt 0.062500 0.940794
vt 0.062500 0.550808
vt 0.031250 0.940795
vt 0.031250 0.550808
vt 0.937500 0.940794
vt 0.937500 0.550808
vt 0.906250 0.550808
vt 0.000000 0.940795
vt 0.000000 0.550808
vt 0.996282 1.000000
vt 0.972468 1.000000
vt 0.965032 1.000000
vt 0.941218 1.000000
vt 0.933782 1.000000
vt 0.909968 1.000000
vt 0.902532 1.000000
vt 0.878718 1.000000
vt 0.871282 1.000000
vt 0.847468 1.000000
vt 0.840032 1.000000
vt 0.816218 1.000000
vt 0.808782 1.000000
vt 0.784968 1.000000
vt 0.777532 1.000000
vt 0.753718 1.000000
vt 0.746282 1.000000
vt 0.722468 1.000000
vt 0.715032 1.000000
vt 0.691218 1.000000
vt 0.683782 1.000000
vt 0.659968 1.000000
vt 0.652532 1.000000
vt 0.628718 1.000000
vt 0.621282 1.000000
vt 0.597468 1.000000
vt 0.590032 1.000000
vt 0.566218 1.000000
vt 0.558782 1.000000
vt 0.534968 1.000000
vt 0.527532 1.000000
vt 0.503718 1.000000
vt 0.496282 1.000000
vt 0.472468 1.000000
vt 0.465032 1.000000
vt 0.441218 1.000000
vt 0.433782 1.000000
vt 0.409968 1.000000
vt 0.402532 1.000000
vt 0.378718 1.000000
vt 0.371282 1.000000
vt 0.347468 1.000000
vt 0.340032 1.000000
vt 0.316218 1.000000
vt 0.308782 1.000000
vt 0.284968 1.000000
vt 0.277532 1.000000
vt 0.253718 1.000000
vt 0.246282 1.000000
vt 0.222468 1.000000
vt 0.215032 1.000000
vt 0.191218 1.000000
vt 0.183782 1.000000
vt 0.159968 1.000000
vt 0.152532 1.000000
vt 0.128718 1.000000
vt 0.121282 1.000000
vt 0.097468 1.000000
vt 0.090032 1.000000
vt 0.066218 1.000000
vt 0.058782 1.000000
vt 0.034968 1.000000
vt 0.027532 1.000000
vt 0.003718 1.000000
vt 0.260099 0.300771
vt 0.250000 0.301765
vt 0.239901 0.300771
vt 0.230190 0.297825
vt 0.221241 0.293041
vt 0.213396 0.286604
vt 0.206959 0.278759
vt 0.202175 0.269810
vt 0.199229 0.260099
vt 0.198235 0.250000
vt 0.199229 0.239901
vt 0.202175 0.230190
vt 0.206959 0.221241
vt 0.213396 0.213396
vt 0.221241 0.206959
vt 0.230190 0.202175
vt 0.239901 0.199229
vt 0.250000 0.198235
vt 0.260099 0.199229
vt 0.269810 0.202175
vt 0.278759 0.206959
vt 0.286603 0.213396
vt 0.293041 0.221241
vt 0.297825 0.230190
vt 0.300771 0.239901
vt 0.301765 0.250000
vt 0.300771 0.260099
vt 0.297825 0.269810
vt 0.293041 0.278759
vt 0.286604 0.286604
vt 0.278759 0.293041
vt 0.269810 0.297825
vt 0.971941 0.500000
vt 0.996809 0.500000
vt 0.940691 0.500000
vt 0.965559 0.500000
vt 0.909441 0.500000
vt 0.934309 0.500000
vt 0.878191 0.500000
vt 0.903059 0.500000
vt 0.846941 0.500000
vt 0.871809 0.500000
vt 0.815691 0.500000
vt 0.840559 0.500000
vt 0.784441 0.500000
vt 0.809309 0.500000
vt 0.753191 0.500000
vt 0.778059 0.500000
vt 0.721941 0.500000
vt 0.746809 0.500000
vt 0.690691 0.500000
vt 0.715559 0.500000
vt 0.659441 0.500000
vt 0.684309 0.500000
vt 0.628191 0.500000
vt 0.653059 0.500000
vt 0.596941 0.500000
vt 0.621809 0.500000
vt 0.565691 0.500000
vt 0.590559 0.500000
vt 0.534441 0.500000
vt 0.559309 0.500000
vt 0.503191 0.500000
vt 0.528059 0.500000
vt 0.471941 0.500000
vt 0.496809 0.500000
vt 0.440691 0.500000
vt 0.465559 0.500000
vt 0.409441 0.500000
vt 0.434309 0.500000
vt 0.378191 0.500000
vt 0.403059 0.500000
vt 0.346941 0.500000
vt 0.371809 0.500000
vt 0.315691 0.500000
vt 0.340559 0.500000
vt 0.284441 0.500000
vt 0.309309 0.500000
vt 0.253191 0.500000
vt 0.278059 0.500000
vt 0.221941 0.500000
vt 0.246809 0.500000
vt 0.190691 0.500000
vt 0.215559 0.500000
vt 0.159441 0.500000
vt 0.184309 0.500000
vt 0.128191 0.500000
vt 0.153059 0.500000
vt 0.096941 0.500000
vt 0.121809 0.500000
vt 0.065691 0.500000
vt 0.090559 0.500000
vt 0.034441 0.500000
vt 0.059309 0.500000
vt 0.003191 0.500000
vt 0.028059 0.500000
vt 0.750000 0.309866
vt 0.761679 0.308716
vt 0.772910 0.305309
vt 0.783260 0.299777
vt 0.792332 0.292332
vt 0.799777 0.283260
vt 0.805309 0.272910
vt 0.808716 0.261679
vt 0.809866 0.250000
vt 0.808716 0.238321
vt 0.805309 0.227090
vt 0.799777 0.216740
vt 0.792332 0.207668
vt 0.783260 0.200223
vt 0.772910 0.194691
vt 0.761679 0.191284
vt 0.750000 0.190134
vt 0.738321 0.191284
vt 0.727090 0.194691
vt 0.716740 0.200223
vt 0.707668 0.207668
vt 0.700223 0.216740
vt 0.694691 0.227090
vt 0.691285 0.238321
vt 0.690134 0.250000
vt 0.691285 0.261679
vt 0.694691 0.272910
vt 0.700223 0.283260
vt 0.707668 0.292332
vt 0.716740 0.299777
vt 0.727090 0.305309
vt 0.738321 0.308716
vt 0.250000 0.376518
vt 0.274682 0.374087
vt 0.285680 0.429374
vt 0.250000 0.432888
vt 0.298416 0.366888
vt 0.319988 0.418966
vt 0.320290 0.355196
vt 0.351607 0.402065
vt 0.339462 0.339462
vt 0.379321 0.379321
vt 0.355196 0.320290
vt 0.402066 0.351607
vt 0.366888 0.298416
vt 0.418966 0.319988
vt 0.374087 0.274682
vt 0.429374 0.285680
vt 0.376518 0.250000
vt 0.432888 0.250000
vt 0.374087 0.225318
vt 0.429374 0.214320
vt 0.366888 0.201584
vt 0.418966 0.180012
vt 0.355196 0.179710
vt 0.402066 0.148393
vt 0.339462 0.160538
vt 0.379321 0.120679
vt 0.320290 0.144804
vt 0.351607 0.097934
vt 0.298416 0.133112
vt 0.319988 0.081034
vt 0.274683 0.125913
vt 0.285680 0.070626
vt 0.250000 0.123482
vt 0.250000 0.067112
vt 0.225318 0.125913
vt 0.214320 0.070626
vt 0.201584 0.133112
vt 0.180012 0.081034
vt 0.179710 0.144804
vt 0.148393 0.097934
vt 0.160538 0.160538
vt 0.120679 0.120679
vt 0.144804 0.179710
vt 0.097934 0.148393
vt 0.133112 0.201584
vt 0.081034 0.180012
vt 0.125913 0.225318
vt 0.070626 0.214320
vt 0.123482 0.250000
vt 0.067112 0.250000
vt 0.125913 0.274682
vt 0.070626 0.285680
vt 0.133112 0.298416
vt 0.081034 0.319988
vt 0.144804 0.320290
vt 0.097934 0.351607
vt 0.160538 0.339462
vt 0.120679 0.379321
vt 0.179710 0.355196
vt 0.148393 0.402066
vt 0.201584 0.366888
vt 0.180012 0.418966
vt 0.225318 0.374087
vt 0.214320 0.429374
vt 0.776263 0.382032
vt 0.750000 0.384619
vt 0.750000 0.440988
vt 0.787260 0.437319
vt 0.801517 0.374372
vt 0.823088 0.426450
vt 0.824790 0.361932
vt 0.856108 0.408801
vt 0.845190 0.345190
vt 0.885049 0.385049
vt 0.861932 0.324790
vt 0.908801 0.356107
vt 0.874372 0.301516
vt 0.926450 0.323088
vt 0.882032 0.276263
vt 0.937319 0.287260
vt 0.884619 0.250000
vt 0.940988 0.250000
vt 0.882032 0.223737
vt 0.937319 0.212740
vt 0.874372 0.198484
vt 0.926450 0.176912
vt 0.861932 0.175210
vt 0.908801 0.143893
vt 0.845190 0.154810
vt 0.885049 0.114951
vt 0.824790 0.138068
vt 0.856108 0.091199
vt 0.801517 0.125628
vt 0.823088 0.073550
vt 0.776263 0.117968
vt 0.787260 0.062681
vt 0.750000 0.115381
vt 0.750000 0.059012
vt 0.723737 0.117968
vt 0.712740 0.062681
vt 0.698484 0.125628
vt 0.676912 0.073550
vt 0.675210 0.138068
vt 0.643893 0.091199
vt 0.654810 0.154810
vt 0.614951 0.114951
vt 0.638069 0.175210
vt 0.591199 0.143893
vt 0.625628 0.198484
vt 0.573550 0.176912
vt 0.617968 0.223737
vt 0.562681 0.212740
vt 0.615381 0.250000
vt 0.559012 0.250000
vt 0.617968 0.276263
vt 0.562681 0.287260
vt 0.625628 0.301516
vt 0.573550 0.323088
vt 0.638068 0.324790
vt 0.591199 0.356107
vt 0.654810 0.345190
vt 0.614951 0.385049
vt 0.675210 0.361932
vt 0.643893 0.408801
vt 0.698484 0.374372
vt 0.676912 0.426450
vt 0.723737 0.382032
vt 0.712740 0.437319
vn 0.0000 -0.0980 -0.9952
vn 0.0000 -0.6344 -0.7730
vn 0.0000 -0.7730 -0.6344
vn 0.0000 -0.8819 -0.4714
vn 0.0000 -0.9569 -0.2903
vn 0.0000 -0.9952 -0.0980
vn 0.0000 -0.9952 0.0980
vn 0.0000 -0.9569 0.2903
vn 0.0000 -0.8819 0.4714
vn 0.0000 -0.7730 0.6344
vn 0.0000 -0.6344 0.7730
vn 0.0000 -0.4714 0.8819
vn 0.0000 -0.2903 0.9569
vn 0.0000 -0.0980 0.9952
vn 0.0000 0.0980 0.9952
vn -0.0000 0.2903 0.9569
vn 0.0000 0.4714 0.8819
vn 0.0000 0.6344 0.7730
vn 0.0000 0.7730 0.6344
vn 0.0000 0.8819 0.4714
vn 0.0000 0.9569 0.2903
vn 0.0000 0.9952 0.0980
vn 0.0000 0.9952 -0.0980
vn 0.0000 0.9569 -0.2903
vn 0.0000 0.8819 -0.4714
vn 0.0000 0.7730 -0.6344
vn 0.0000 0.6344 -0.7730
vn -0.0000 0.4714 -0.8819
vn -0.0000 0.2903 -0.9569
vn 0.0000 -0.2903 -0.9569
vn 0.0000 -0.4714 -0.8819
vn 0.0000 0.0980 -0.9952
vn 0.9423 -0.0328 -0.3332
vn 0.9423 -0.0972 -0.3204
vn 0.9423 -0.1578 -0.2953
vn 0.9423 -0.2124 -0.2588
vn 0.9423 -0.2588 -0.2124
vn 0.9423 -0.2953 -0.1578
vn 0.9423 -0.3204 -0.0972
vn 0.9423 -0.3332 -0.0328
vn 0.9423 -0.3332 0.0328
vn 0.9423 -0.3204 0.0972
vn 0.9423 -0.2953 0.1578
vn 0.9423 -0.2588 0.2124
vn 0.9423 -0.2124 0.2588
vn 0.9423 -0.1578 0.2953
vn 0.9423 -0.0972 0.3204
vn 0.9423 -0.0328 0.3332
vn 0.9423 0.0328 0.3332
vn 0.9423 0.0972 0.3204
vn 0.9423 0.1578 0.2953
vn 0.9423 0.2124 0.2588
vn 0.9423 0.2588 0.2124
vn 0.9423 0.2953 0.1578
vn 0.9423 0.3204 0.0972
vn 0.9423 0.3332 0.0328
vn 0.9423 0.3332 -0.0328
vn 0.9423 0.3204 -0.0972
vn 0.9423 0.2953 -0.1578
vn 0.9423 0.2588 -0.2124
vn 0.9423 0.2124 -0.2588
vn 0.9423 0.1578 -0.2953
vn 0.9423 0.0972 -0.3204
vn 0.9423 0.0328 -0.3332
vn 1.0000 -0.0000 0.0000
vn -0.9423 -0.0328 -0.3332
vn -0.9423 -0.0972 -0.3204
vn -0.9423 -0.1578 -0.2953
vn -0.9423 -0.2124 -0.2588
vn -0.9423 -0.2588 -0.2124
vn -0.9423 -0.2953 -0.1578
vn -0.9423 -0.3204 -0.0972
vn -0.9423 -0.3332 -0.0328
vn -0.9423 -0.3332 0.0328
vn -0.9423 -0.3204 0.0972
vn -0.9423 -0.2953 0.1578
vn -0.9423 -0.2588 0.2124
vn -0.9423 -0.2124 0.2588
vn -0.9423 -0.1578 0.2953
vn -0.9423 -0.0972 0.3204
vn -0.9423 -0.0328 0.3332
vn -0.9423 0.0328 0.3332
vn -0.9423 0.0972 0.3204
vn -0.9423 0.1578 0.2953
vn -0.9423 0.2124 0.2588
vn -0.9423 0.2588 0.2124
vn -0.9423 0.2953 0.1578
vn -0.9423 0.3204 0.0972
vn -0.9423 0.3332 0.0328
vn -0.9423 0.3332 -0.0328
vn -0.9423 0.3204 -0.0972
vn -0.9423 0.2953 -0.1578
vn -0.9423 0.2588 -0.2124
vn -0.9423 0.2124 -0.2588
vn -0.9423 0.1578 -0.2953
vn -0.9423 0.0972 -0.3204
vn -0.9423 0.0328 -0.3332
vn -1.0000 -0.0000 0.0000
vn 0.0472 -0.7721 -0.6337
vn 0.0472 -0.8809 -0.4709
vn -0.0000 0.1951 -0.9808
vn 0.0000 0.1951 0.9808
vn 0.0474 0.9989 0.0000
vn 0.0000 -0.5556 -0.8315
vn -0.0000 -1.0000 0.0000
vn -0.0000 0.9239 -0.3827
vn 0.0000 -0.7071 0.7071
vn 0.0000 -0.7071 -0.7071
vn 0.0000 0.8315 0.5556
vn 0.0000 -0.5556 0.8315
vn 0.0478 0.6337 0.7721
vn -0.0000 0.9239 0.3827
vn 0.0472 -0.9559 -0.2900
vn 0.0472 -0.9559 0.2900
vn 0.0472 -0.8809 0.4709
vn 0.0472 -0.7721 0.6337
vn 0.0472 -0.4709 0.8809
vn 0.0472 -0.2900 0.9559
vn 0.0472 -0.0979 0.9941
vn -0.0472 -0.4709 -0.8809
vn -0.0472 -0.6337 -0.7721
vn -0.0472 -0.7721 -0.6337
vn -0.0472 -0.9941 -0.0979
vn -0.0472 -0.9941 0.0979
vn 0.0472 0.4709 -0.8809
vn 0.0472 0.6337 -0.7721
vn 0.0472 0.7721 -0.6337
vn 0.0472 -0.2900 -0.9559
vn 0.0472 -0.0979 -0.9941
vn -0.0472 0.0979 0.9941
vn -0.0472 0.2900 0.9559
vn -0.0472 0.7721 0.6337
vn -0.0472 0.8809 0.4709
vn -0.0472 0.9559 0.2900
vn -0.0472 0.9559 -0.2900
vn -0.0472 0.8809 -0.4709
vn -0.0472 0.7721 -0.6337
vn -0.0472 0.4709 -0.8809
vn -0.0472 0.2900 -0.9559
vn -0.0472 0.0979 -0.9941
vn -0.0472 -0.7721 0.6337
vn -0.0472 -0.6337 0.7721
vn -0.0472 -0.4709 0.8809
usemtl None
s off
f 1008/1392/521 944/1393/521 946/1394/521 1009/1395/521
f 1013/1396/522 950/1397/522 952/1398/522 1015/1399/522
f 1015/1399/523 952/1398/523 954/1400/523 1017/1401/523
f 1017/1402/524 954/1400/524 956/1403/524 1019/1404/524
f 1019/1404/525 956/1403/525 958/1405/525 1021/1406/525
f 1021/1406/526 958/1405/526 960/1407/526 1023/1408/526
f 1023/1408/527 960/1407/527 962/1409/527 1025/1410/527
f 1025/1410/528 962/1409/528 964/1411/528 1027/1412/528
f 1027/1412/529 964/1411/529 966/1413/529 1029/1414/529
f 1029/1414/530 966/1413/530 968/1415/530 1031/1416/530
f 1031/1416/531 968/1415/531 970/1417/531 1033/1418/531
f 1033/1419/532 970/1417/532 972/1420/532 1035/1421/532
f 1035/1421/533 972/1420/533 974/1422/533 1037/1423/533
f 1037/1423/534 974/1422/534 976/1424/534 1039/1425/534
f 1039/1425/535 976/1424/535 978/1426/535 1041/1427/535
f 1041/1427/536 978/1426/536 980/1428/536 1043/1429/536
f 1043/1429/537 980/1428/537 982/1430/537 1045/1431/537
f 1045/1431/538 982/1430/538 984/1432/538 1047/1433/538
f 1047/1433/539 984/1432/539 986/1434/539 1049/1435/539
f 1049/1435/540 986/1434/540 988/1436/540 1051/1437/540
f 1051/1437/541 988/1436/541 990/1438/541 1053/1439/541
f 1053/1439/542 990/1438/542 992/1440/542 1055/1441/542
f 1055/1441/543 992/1440/543 994/1442/543 1057/1443/543
f 1057/1443/544 994/1442/544 996/1444/544 1059/1445/544
f 1059/1445/545 996/1444/545 998/1446/545 1061/1447/545
f 1061/1447/546 998/1446/546 1000/1448/546 1063/1449/546
f 1063/1449/547 1000/1448/547 1002/1450/547 1065/1451/547
f 1065/1451/548 1002/1450/548 1004/1452/548 1067/1453/548
f 1067/1453/549 1004/1452/549 1006/1454/549 1069/1455/549
f 1009/1395/550 946/1394/550 948/1456/550 1011/1457/550
f 1011/1457/551 948/1456/551 950/1397/551 1013/1458/551
f 1069/1455/552 1006/1454/552 944/1459/552 1008/1460/552
f 946/1394/553 944/1393/553 1071/1461/553 1072/1462/553
f 948/1456/554 946/1394/554 1072/1463/554 1073/1464/554
f 950/1397/555 948/1456/555 1073/1465/555 1074/1466/555
f 952/1398/556 950/1397/556 1074/1467/556 1075/1468/556
f 954/1400/557 952/1398/557 1075/1469/557 1076/1470/557
f 956/1403/558 954/1400/558 1076/1471/558 1077/1472/558
f 958/1405/559 956/1403/559 1077/1473/559 1078/1474/559
f 960/1407/560 958/1405/560 1078/1475/560 1079/1476/560
f 962/1409/561 960/1407/561 1079/1477/561 1080/1478/561
f 964/1411/562 962/1409/562 1080/1479/562 1081/1480/562
f 966/1413/563 964/1411/563 1081/1481/563 1082/1482/563
f 968/1415/564 966/1413/564 1082/1483/564 1083/1484/564
f 970/1417/565 968/1415/565 1083/1485/565 1084/1486/565
f 972/1420/566 970/1417/566 1084/1487/566 1085/1488/566
f 974/1422/567 972/1420/567 1085/1489/567 1086/1490/567
f 976/1424/568 974/1422/568 1086/1491/568 1087/1492/568
f 978/1426/569 976/1424/569 1087/1493/569 1088/1494/569
f 980/1428/570 978/1426/570 1088/1495/570 1089/1496/570
f 982/1430/571 980/1428/571 1089/1497/571 1090/1498/571
f 984/1432/572 982/1430/572 1090/1499/572 1091/1500/572
f 986/1434/573 984/1432/573 1091/1501/573 1092/1502/573
f 988/1436/574 986/1434/574 1092/1503/574 1093/1504/574
f 990/1438/575 988/1436/575 1093/1505/575 1094/1506/575
f 992/1440/576 990/1438/576 1094/1507/576 1095/1508/576
f 994/1442/577 992/1440/577 1095/1509/577 1096/1510/577
f 996/1444/578 994/1442/578 1096/1511/578 1097/1512/578
f 998/1446/579 996/1444/579 1097/1513/579 1098/1514/579
f 1000/1448/580 998/1446/580 1098/1515/580 1099/1516/580
f 1002/1450/581 1000/1448/581 1099/1517/581 1100/1518/581
f 1004/1452/582 1002/1450/582 1100/1519/582 1101/1520/582
f 1006/1454/583 1004/1452/583 1101/1521/583 1102/1522/583
f 944/1459/584 1006/1454/584 1102/1523/584 1071/1524/584
f 945/1525/585 943/1526/585 1005/1527/585 1003/1528/585 1001/1529/585 999/1530/585 997/1531/585 995/1532/585 993/1533/585 991/1534/585 989/1535/585 987/1536/585 985/1537/585 983/1538/585 981/1539/585 979/1540/585 977/1541/585 975/1542/585 973/1543/585 971/1544/585 969/1545/585 967/1546/585 965/1547/585 963/1548/585 961/1549/585 959/1550/585 957/1551/585 955/1552/585 953/1553/585 951/1554/585 949/1555/585 947/1556/585
f 1008/1392/586 1009/1395/586 1103/1557/586 1104/1558/586
f 1009/1395/587 1011/1457/587 1105/1559/587 1103/1560/587
f 1011/1457/588 1013/1458/588 1106/1561/588 1105/1562/588
f 1013/1396/589 1015/1399/589 1107/1563/589 1106/1564/589
f 1015/1399/590 1017/1401/590 1108/1565/590 1107/1566/590
f 1017/1402/591 1019/1404/591 1109/1567/591 1108/1568/591
f 1019/1404/592 1021/1406/592 1110/1569/592 1109/1570/592
f 1021/1406/593 1023/1408/593 1111/1571/593 1110/1572/593
f 1023/1408/594 1025/1410/594 1112/1573/594 1111/1574/594
f 1025/1410/595 1027/1412/595 1113/1575/595 1112/1576/595
f 1027/1412/596 1029/1414/596 1114/1577/596 1113/1578/596
f 1029/1414/597 1031/1416/597 1115/1579/597 1114/1580/597
f 1031/1416/598 1033/1418/598 1116/1581/598 1115/1582/598
f 1033/1419/599 1035/1421/599 1117/1583/599 1116/1584/599
f 1035/1421/600 1037/1423/600 1118/1585/600 1117/1586/600
f 1037/1423/601 1039/1425/601 1119/1587/601 1118/1588/601
f 1039/1425/602 1041/1427/602 1120/1589/602 1119/1590/602
f 1041/1427/603 1043/1429/603 1121/1591/603 1120/1592/603
f 1043/1429/604 1045/1431/604 1122/1593/604 1121/1594/604
f 1045/1431/605 1047/1433/605 1123/1595/605 1122/1596/605
f 1047/1433/606 1049/1435/606 1124/1597/606 1123/1598/606
f 1049/1435/607 1051/1437/607 1125/1599/607 1124/1600/607
f 1051/1437/608 1053/1439/608 1126/1601/608 1125/1602/608
f 1053/1439/609 1055/1441/609 1127/1603/609 1126/1604/609
f 1055/1441/610 1057/1443/610 1128/1605/610 1127/1606/610
f 1057/1443/611 1059/1445/611 1129/1607/611 1128/1608/611
f 1059/1445/612 1061/1447/612 1130/1609/612 1129/1610/612
f 1061/1447/613 1063/1449/613 1131/1611/613 1130/1612/613
f 1063/1449/614 1065/1451/614 1132/1613/614 1131/1614/614
f 1065/1451/615 1067/1453/615 1133/1615/615 1132/1616/615
f 1067/1453/616 1069/1455/616 1134/1617/616 1133/1618/616
f 1069/1455/617 1008/1460/617 1104/1619/617 1134/1620/617
f 1007/1621/618 1010/1622/618 1012/1623/618 1014/1624/618 1016/1625/618 1018/1626/618 1020/1627/618 1022/1628/618 1024/1629/618 1026/1630/618 1028/1631/618 1030/1632/618 1032/1633/618 1034/1634/618 1036/1635/618 1038/1636/618 1040/1637/618 1042/1638/618 1044/1639/618 1046/1640/618 1048/1641/618 1050/1642/618 1052/1643/618 1054/1644/618 1056/1645/618 1058/1646/618 1060/1647/618 1062/1648/618 1064/1649/618 1066/1650/618 1068/1651/618 1070/1652/618
f 1135/1653/585 1136/1654/585 1072/1655/585 1071/1656/585
f 1136/1654/585 1137/1657/585 1073/1658/585 1072/1655/585
f 1137/1657/585 1138/1659/585 1074/1660/585 1073/1658/585
f 1138/1659/585 1139/1661/585 1075/1662/585 1074/1660/585
f 1139/1661/585 1140/1663/585 1076/1664/585 1075/1662/585
f 1140/1663/585 1141/1665/585 1077/1666/585 1076/1664/585
f 1141/1665/585 1142/1667/585 1078/1668/585 1077/1666/585
f 1142/1667/585 1143/1669/585 1079/1670/585 1078/1668/585
f 1143/1669/585 1144/1671/585 1080/1672/585 1079/1670/585
f 1144/1671/585 1145/1673/585 1081/1674/585 1080/1672/585
f 1145/1673/585 1146/1675/585 1082/1676/585 1081/1674/585
f 1146/1675/585 1147/1677/585 1083/1678/585 1082/1676/585
f 1147/1677/585 1148/1679/585 1084/1680/585 1083/1678/585
f 1148/1679/585 1149/1681/585 1085/1682/585 1084/1680/585
f 1149/1681/585 1150/1683/585 1086/1684/585 1085/1682/585
f 1150/1683/585 1151/1685/585 1087/1686/585 1086/1684/585
f 1151/1685/585 1152/1687/585 1088/1688/585 1087/1686/585
f 1152/1687/585 1153/1689/585 1089/1690/585 1088/1688/585
f 1153/1689/585 1154/1691/585 1090/1692/585 1089/1690/585
f 1154/1691/585 1155/1693/585 1091/1694/585 1090/1692/585
f 1155/1693/585 1156/1695/585 1092/1696/585 1091/1694/585
f 1156/1695/585 1157/1697/585 1093/1698/585 1092/1696/585
f 1157/1697/585 1158/1699/585 1094/1700/585 1093/1698/585
f 1158/1699/585 1159/1701/585 1095/1702/585 1094/1700/585
f 1159/1701/585 1160/1703/585 1096/1704/585 1095/1702/585
f 1160/1703/585 1161/1705/585 1097/1706/585 1096/1704/585
f 1161/1705/585 1162/1707/585 1098/1708/585 1097/1706/585
f 1162/1707/585 1163/1709/585 1099/1710/585 1098/1708/585
f 1163/1709/585 1164/1711/585 1100/1712/585 1099/1710/585
f 1164/1711/585 1165/1713/585 1101/1714/585 1100/1712/585
f 1165/1713/585 1166/1715/585 1102/1716/585 1101/1714/585
f 1166/1715/585 1135/1653/585 1071/1656/585 1102/1716/585
f 1167/1717/618 1168/1718/618 1104/1719/618 1103/1720/618
f 1169/1721/618 1167/1717/618 1103/1720/618 1105/1722/618
f 1170/1723/618 1169/1721/618 1105/1722/618 1106/1724/618
f 1171/1725/618 1170/1723/618 1106/1724/618 1107/1726/618
f 1172/1727/618 1171/1725/618 1107/1726/618 1108/1728/618
f 1173/1729/618 1172/1727/618 1108/1728/618 1109/1730/618
f 1174/1731/618 1173/1729/618 1109/1730/618 1110/1732/618
f 1175/1733/618 1174/1731/618 1110/1732/618 1111/1734/618
f 1176/1735/618 1175/1733/618 1111/1734/618 1112/1736/618
f 1177/1737/618 1176/1735/618 1112/1736/618 1113/1738/618
f 1178/1739/618 1177/1737/618 1113/1738/618 1114/1740/618
f 1179/1741/618 1178/1739/618 1114/1740/618 1115/1742/618
f 1180/1743/618 1179/1741/618 1115/1742/618 1116/1744/618
f 1181/1745/618 1180/1743/618 1116/1744/618 1117/1746/618
f 1182/1747/618 1181/1745/618 1117/1746/618 1118/1748/618
f 1183/1749/618 1182/1747/618 1118/1748/618 1119/1750/618
f 1184/1751/618 1183/1749/618 1119/1750/618 1120/1752/618
f 1185/1753/618 1184/1751/618 1120/1752/618 1121/1754/618
f 1186/1755/618 1185/1753/618 1121/1754/618 1122/1756/618
f 1187/1757/618 1186/1755/618 1122/1756/618 1123/1758/618
f 1188/1759/618 1187/1757/618 1123/1758/618 1124/1760/618
f 1189/1761/618 1188/1759/618 1124/1760/618 1125/1762/618
f 1190/1763/618 1189/1761/618 1125/1762/618 1126/1764/618
f 1191/1765/618 1190/1763/618 1126/1764/618 1127/1766/618
f 1192/1767/618 1191/1765/618 1127/1766/618 1128/1768/618
f 1193/1769/618 1192/1767/618 1128/1768/618 1129/1770/618
f 1194/1771/618 1193/1769/618 1129/1770/618 1130/1772/618
f 1195/1773/618 1194/1771/618 1130/1772/618 1131/1774/618
f 1196/1775/618 1195/1773/618 1131/1774/618 1132/1776/618
f 1197/1777/618 1196/1775/618 1132/1776/618 1133/1778/618
f 1198/1779/618 1197/1777/618 1133/1778/618 1134/1780/618
f 1168/1718/618 1198/1779/618 1134/1780/618 1104/1719/618
f 951/1554/619 953/1553/619 1018/1626/619 1016/1625/619
f 953/1553/620 955/1552/620 1020/1627/620 1018/1626/620
f 947/1556/585 949/1555/585 1138/1659/585 1137/1657/585
f 949/1555/585 951/1554/585 1139/1661/585 1138/1659/585
f 1054/1644/621 1190/1763/621 1158/1699/621 989/1535/621
f 1192/1767/622 1058/1646/622 993/1533/622 1160/1703/622
f 989/1535/623 991/1534/623 993/1533/623 1058/1646/623 1056/1645/623 1054/1644/623
f 957/1551/585 959/1550/585 1143/1669/585 1142/1667/585
f 959/1550/585 961/1549/585 1144/1671/585 1143/1669/585
f 967/1546/585 969/1545/585 1148/1679/585 1147/1677/585
f 997/1531/624 1062/1648/624 1194/1771/624 1162/1707/624
f 1135/1653/625 943/1526/625 1007/1621/625 1168/1718/625
f 947/1556/626 1137/1657/626 1169/1721/626 1012/1623/626
f 975/1542/585 977/1541/585 1152/1687/585 1151/1685/585
f 977/1541/585 979/1540/585 1153/1689/585 1152/1687/585
f 951/1554/627 1016/1625/627 1171/1725/627 1139/1661/627
f 957/1551/621 1142/1667/621 1174/1731/621 1022/1628/621
f 961/1549/622 1026/1630/622 1176/1735/622 1144/1671/622
f 985/1537/585 987/1536/585 1157/1697/585 1156/1695/585
f 987/1536/585 989/1535/585 1158/1699/585 1157/1697/585
f 967/1546/628 1147/1677/628 1179/1741/628 1032/1633/628
f 969/1545/629 1034/1634/629 1180/1743/629 1148/1679/629
f 993/1533/585 995/1532/585 1161/1705/585 1160/1703/585
f 995/1532/585 997/1531/585 1162/1707/585 1161/1705/585
f 1183/1749/625 1040/1637/625 975/1542/625 1151/1685/625
f 979/1540/626 1044/1639/626 1185/1753/626 1153/1689/626
f 1050/1642/630 985/1537/630 1156/1695/630 1188/1759/630
f 1003/1528/585 1005/1527/585 1166/1715/585 1165/1713/585
f 1005/1527/585 943/1526/585 1135/1653/585 1166/1715/585
f 1014/1624/618 1012/1623/618 1169/1721/618 1170/1723/618
f 1016/1625/618 1014/1624/618 1170/1723/618 1171/1725/618
f 1024/1629/618 1022/1628/618 1174/1731/618 1175/1733/618
f 1026/1630/618 1024/1629/618 1175/1733/618 1176/1735/618
f 1034/1634/618 1032/1633/618 1179/1741/618 1180/1743/618
f 1042/1638/618 1040/1637/618 1183/1749/618 1184/1751/618
f 1044/1639/618 1042/1638/618 1184/1751/618 1185/1753/618
f 1052/1643/618 1050/1642/618 1188/1759/618 1189/1761/618
f 1054/1644/618 1052/1643/618 1189/1761/618 1190/1763/618
f 1060/1647/618 1058/1646/618 1192/1767/618 1193/1769/618
f 1062/1648/618 1060/1647/618 1193/1769/618 1194/1771/618
f 1044/1639/631 979/1540/631 981/1539/631 983/1538/631 985/1537/631 1050/1642/631 1048/1641/631 1046/1640/631
f 1003/1528/632 1165/1713/632 1197/1777/632 1068/1651/632
f 1070/1652/618 1068/1651/618 1197/1777/618 1198/1779/618
f 1007/1621/618 1070/1652/618 1198/1779/618 1168/1718/618
f 955/1552/633 957/1551/633 1022/1628/633 1020/1627/633
f 961/1549/634 963/1548/634 1028/1631/634 1026/1630/634
f 963/1548/635 965/1547/635 1030/1632/635 1028/1631/635
f 965/1547/636 967/1546/636 1032/1633/636 1030/1632/636
f 969/1545/637 971/1544/637 1036/1635/637 1034/1634/637
f 971/1544/638 973/1543/638 1038/1636/638 1036/1635/638
f 973/1543/639 975/1542/639 1040/1637/639 1038/1636/639
f 1044/1639/640 1046/1640/640 981/1539/640 979/1540/640
f 1046/1640/641 1048/1641/641 983/1538/641 981/1539/641
f 1048/1641/642 1050/1642/642 985/1537/642 983/1538/642
f 1054/1644/643 1056/1645/643 991/1534/643 989/1535/643
f 1056/1645/644 1058/1646/644 993/1533/644 991/1534/644
f 1001/1529/645 1003/1528/645 1068/1651/645 1066/1650/645
f 999/1530/646 1001/1529/646 1066/1650/646 1064/1649/646
f 997/1531/647 999/1530/647 1064/1649/647 1062/1648/647
f 945/1525/648 947/1556/648 1012/1623/648 1010/1622/648
f 943/1526/649 945/1525/649 1010/1622/649 1007/1621/649
f 1135/1653/650 1168/1718/650 1167/1717/650 1136/1654/650
f 1136/1654/651 1167/1717/651 1169/1721/651 1137/1657/651
f 1139/1661/652 1171/1725/652 1172/1727/652 1140/1663/652
f 1140/1663/653 1172/1727/653 1173/1729/653 1141/1665/653
f 1141/1665/654 1173/1729/654 1174/1731/654 1142/1667/654
f 1144/1671/655 1176/1735/655 1177/1737/655 1145/1673/655
f 1145/1673/656 1177/1737/656 1178/1739/656 1146/1675/656
f 1146/1675/657 1178/1739/657 1179/1741/657 1147/1677/657
f 1148/1679/658 1180/1743/658 1181/1745/658 1149/1681/658
f 1149/1681/659 1181/1745/659 1182/1747/659 1150/1683/659
f 1150/1683/660 1182/1747/660 1183/1749/660 1151/1685/660
f 1153/1689/640 1185/1753/640 1186/1755/640 1154/1691/640
f 1154/1691/641 1186/1755/641 1187/1757/641 1155/1693/641
f 1155/1693/642 1187/1757/642 1188/1759/642 1156/1695/642
f 1158/1699/643 1190/1763/643 1191/1765/643 1159/1701/643
f 1159/1701/644 1191/1765/644 1192/1767/644 1160/1703/644
f 1162/1707/661 1194/1771/661 1195/1773/661 1163/1709/661
f 1163/1709/662 1195/1773/662 1196/1775/662 1164/1711/662
f 1164/1711/663 1196/1775/663 1197/1777/663 1165/1713/663
